 IN_PITCH, IN_ROLL, IN_AZIMUTH
-0.15241764,-0.4574648,0.47695804
-0.1491478,-0.4543361,0.47848898
-0.1524026,-0.4532527,0.48175684
-0.1521577,-0.45350805,0.4819853
-0.15589675,-0.45299417,0.4832398
-0.15668792,-0.4556654,0.4830957
-0.15761143,-0.4547716,0.4831273
-0.15979235,-0.45419222,0.4818641
-0.16698371,-0.45139542,0.4852412
-0.20553553,-0.43823195,0.5025077
-0.24746536,-0.4095094,0.5457193
-0.18442075,-0.3594065,0.5538481
-0.12572241,-0.28367728,0.54789203
-0.073528826,-0.2669347,0.5579288
-0.06288602,-0.30737063,0.60238785
-0.12982902,-0.3731112,0.65351874
-0.1708631,-0.38342208,0.6767153
-0.19965659,-0.40319538,0.68736523
-0.21714094,-0.42662507,0.69598716
-0.23384081,-0.43729594,0.70108217
-0.24744625,-0.44600654,0.70520884
-0.25740469,-0.44559577,0.7062394
-0.2524554,-0.44729292,0.70020396
-0.22147703,-0.4316938,0.6833735
-0.17683175,-0.39155105,0.67267245
-0.124662235,-0.30448952,0.6709187
-0.069908395,-0.2853772,0.6320527
-0.008729083,-0.25868028,0.6006655
1.20E-04,-0.24593222,0.5883018
0.02204088,-0.22372277,0.57564104
0.06036521,-0.18660691,0.5510911
0.07334376,-0.05859671,0.6007646
0.11370542,-0.010693904,0.6024942
0.12988079,-0.013545991,0.5843982
0.14570583,0.012970391,0.5571479
0.13382736,0.014607886,0.5508537
0.1331777,0.002504346,0.5519666
0.14402428,-0.01743613,0.55621374
0.21837547,-0.05133676,0.52912813
0.28592083,-0.059896216,0.5065481
0.3083559,-0.08474837,0.4964178
0.3246807,-0.08799898,0.48749146
0.32836217,-0.112995684,0.48990604
0.2999469,-0.12415713,0.5056588
0.24952273,-0.116189405,0.53081286
0.2119982,-0.11728507,0.53741276
0.1856573,-0.12011144,0.52778023
0.16970713,-0.12332046,0.5122919
0.15307115,-0.12553357,0.48969844
0.1440182,-0.13144666,0.49104837
0.12863268,-0.136754,0.4944551
0.12896772,-0.16918063,0.4961884
0.12278464,-0.17402539,0.49739996
0.12391418,-0.1539613,0.49061564
0.12081643,-0.2382148,0.48358718
0.11043927,-0.3190654,0.4529216
0.11706287,-0.37002143,0.4446879
0.1203345,-0.38002184,0.46197012
0.13637663,-0.4186073,0.47603944
0.14037251,-0.43498048,0.48139563
0.18138061,-0.517611,0.50026953
0.21549338,-0.5592436,0.5097842
0.22721215,-0.49997148,0.4866948
0.2616741,-0.47876072,0.42325357
0.24825402,-0.38467866,0.32702714
0.2634495,-0.40636212,0.27764517
0.2700877,-0.41123268,0.23800132
0.24061078,-0.3958469,0.2229588
0.32420602,-0.38285682,0.19711836
0.21688654,-0.17642811,0.23470274
0.19406924,-0.15523629,0.21595958
0.23100762,-0.16210863,0.21282305
0.17578731,-0.14820738,0.21625385
0.16383198,-0.13590792,0.22274001
0.086544976,-0.13162754,0.26953587
-0.017916603,-0.10581665,0.30572006
-0.04222254,-0.10129966,0.31449485
-0.111130394,-0.04672276,0.34958124
-0.15794612,0.033058014,0.37669793
-0.1567944,0.094103895,0.407467
-0.15720381,0.13819012,0.4016449
-0.15065855,0.34182805,0.4699477
-0.11214051,0.3606067,0.48229772
-0.042353254,0.18188626,0.45521447
-0.022024538,-0.021501584,0.39100668
0.035935894,-0.10159873,0.31504
0.07626637,-0.16841635,0.25566384
0.10251593,-0.17644314,0.25931236
0.13152,-0.19409041,0.23292612
0.11116266,-0.16017479,0.25531358
0.16715136,-0.15085766,0.22461411
0.16343497,-0.15484042,0.18886635
0.14934245,-0.16071488,0.17349303
0.12344749,-0.116270855,0.16679043
0.109094486,-0.12910554,0.27743036
0.07916256,-0.15027487,0.47316203
0.07612587,-0.15390323,0.49720165
0.07706456,-0.1549092,0.49633723
0.07811967,-0.15578403,0.4956105
0.079077214,-0.15685555,0.49489444
0.080087505,-0.15767814,0.49418435
0.08107061,-0.1588472,0.49339885
0.08228198,-0.16027176,0.49255434
0.08335626,-0.16124874,0.4918166
0.08420087,-0.16236451,0.49115485
0.085399926,-0.16359498,0.49029604
0.086597,-0.16447823,0.48958835
0.08767616,-0.16543382,0.48874664
0.0886137,-0.16647679,0.48808125
0.089620285,-0.16721559,0.48749372
0.09080142,-0.16840328,0.48643163
0.091706984,-0.16933516,0.48576152
0.092875086,-0.17014328,0.48489898
0.093904376,-0.17122123,0.48417708
0.094902545,-0.17207079,0.48360497
0.09563849,-0.17295608,0.48294723
0.09643126,-0.1738592,0.48236567
0.097271815,-0.17466256,0.48187184
0.09833155,-0.17554936,0.48157415
0.09902289,-0.1767293,0.4811359
0.100259,-0.17789088,0.4804523
0.10101009,-0.17884134,0.47991318
0.10200008,-0.17966954,0.47928408
0.102931954,-0.18071283,0.4786432
0.10379215,-0.18179774,0.47802064
0.10461207,-0.18271686,0.47734052
0.105875894,-0.18368842,0.47658935
0.10697329,-0.18469386,0.4758435
0.10782221,-0.18545495,0.47501904
0.10880175,-0.1865902,0.47423908
0.11005749,-0.1876905,0.47341132
0.11109676,-0.18848523,0.4725952
0.112198316,-0.18948165,0.47200996
0.11330839,-0.19041668,0.47120762
0.11435215,-0.19131543,0.47038686
0.11527437,-0.19216464,0.46967316
0.116151005,-0.19305898,0.46883062
0.117215134,-0.19403103,0.46814874
0.11821453,-0.19517495,0.4673077
0.11965644,-0.19644257,0.46644545
0.12040854,-0.19737649,0.46585074
0.12132653,-0.19841106,0.46499524
0.12280062,-0.19950284,0.4641843
0.12387267,-0.20047466,0.46326223
0.1248778,-0.2018476,0.46258703
0.1257685,-0.2030077,0.4619889
0.12682417,-0.20387493,0.46130413
0.1276524,-0.20495898,0.46067512
0.12881675,-0.20598015,0.45990062
0.12977652,-0.20709933,0.45923847
0.13064326,-0.20795104,0.45817104
0.13159718,-0.20868145,0.45760867
0.13253272,-0.2096844,0.456975
0.13373971,-0.21082762,0.4561502
0.13444972,-0.2114768,0.45575154
0.13445911,-0.21138857,0.45589644
0.13444257,-0.21152899,0.45570213
0.13409506,-0.21146941,0.4559219
0.13396753,-0.21142726,0.4561163
0.13384272,-0.21126352,0.4561532
0.13378055,-0.21119525,0.45602384
0.1338546,-0.21098413,0.4558906
0.13362154,-0.21071094,0.45621735
0.1335746,-0.21076246,0.4562817
0.13361627,-0.2106437,0.45612618
0.13332872,-0.21057035,0.4562894
0.1333987,-0.21059617,0.45620614
0.13319501,-0.21067818,0.45619723
0.1332237,-0.21073443,0.45620045
0.13329953,-0.21081063,0.4564037
0.13328008,-0.21074829,0.45653588
0.13315715,-0.21065916,0.45644286
0.1330907,-0.21053775,0.45640945
0.13294609,-0.21023998,0.4562993
0.1329373,-0.21038604,0.4562436
0.13287683,-0.21036272,0.4563451
0.13309047,-0.2103041,0.45650503
0.13315624,-0.21027303,0.45658988
0.13322851,-0.2100714,0.4565544
0.13338597,-0.20982705,0.45647407
0.13330251,-0.20966378,0.45635796
0.1331272,-0.20952915,0.4564089
0.13322875,-0.2093833,0.4564434
0.13301136,-0.20929267,0.45673665
0.1329273,-0.20913678,0.4566964
0.13266197,-0.2091391,0.45699495
0.13255218,-0.20896044,0.45710757
0.1324315,-0.20895462,0.45722768
0.13219945,-0.20885593,0.45713058
0.13203786,-0.20868818,0.45711514
0.13202284,-0.20870462,0.45707688
0.13190268,-0.20863357,0.4570289
0.13185482,-0.2084119,0.45723745
0.13154915,-0.20833123,0.45732424
0.13124566,-0.20825171,0.4574908
0.13151364,-0.20804186,0.45727232
0.1312999,-0.20790276,0.4574771
0.13136877,-0.20756346,0.45760885
0.13131587,-0.2074396,0.4576009
0.13142906,-0.20723616,0.457761
0.1316711,-0.20738854,0.4577267
0.1317143,-0.20765507,0.45769498
0.13159466,-0.20748241,0.45773602
0.13153662,-0.20766288,0.45767933
0.13156538,-0.20752098,0.45767295
0.1317189,-0.2076797,0.45785153
0.13188098,-0.2077774,0.45761082
0.13172129,-0.20775957,0.45791906
0.13166294,-0.20768285,0.4579669
0.13158734,-0.20789263,0.45794767
0.13153984,-0.2079889,0.4580961
0.13164727,-0.2078213,0.45805877
0.13164312,-0.20784801,0.45777252
0.13180757,-0.2078517,0.4577789
0.13166471,-0.20764546,0.45786914
0.13165334,-0.20761795,0.45800942
0.13157178,-0.20767932,0.45786852
0.13174123,-0.20762669,0.45781928
0.13170221,-0.20755309,0.45782033
0.13157286,-0.20730494,0.45805895
0.13140745,-0.2071786,0.45787713
0.13133384,-0.2070496,0.4581671
0.13141124,-0.20697363,0.45808902
0.13122168,-0.2068119,0.45811927
0.13138919,-0.20678309,0.45811042
0.13145979,-0.20672235,0.45806813
0.13157074,-0.20679161,0.45810118
0.1317296,-0.20672533,0.45787498
0.13181718,-0.20663168,0.45788705
0.13177021,-0.20646459,0.45801634
0.13171159,-0.206614,0.45800433
0.1316399,-0.20650555,0.45787787
0.13158205,-0.20630571,0.45753923
0.13153641,-0.20602252,0.45774838
0.13130772,-0.20605457,0.457618
0.13140763,-0.20604907,0.45762587
0.13155596,-0.20591672,0.4577271
0.13181318,-0.20594664,0.45761332
0.13200437,-0.20609486,0.45770603
0.13217753,-0.2059125,0.4578327
0.13233809,-0.20604564,0.4576023
0.1324138,-0.20594497,0.4575151
0.13274989,-0.20592459,0.45742226
0.13282448,-0.2058487,0.45743242
0.1328068,-0.20594361,0.4574867
0.13291705,-0.20590253,0.4575722
0.13285065,-0.20586327,0.45764685
0.13286504,-0.20561036,0.4577545
0.13284743,-0.2055367,0.45794082
0.13276418,-0.20544459,0.45772982
0.13266243,-0.2054194,0.45756266
0.1328842,-0.2052133,0.45774856
0.13286549,-0.20518133,0.45792523
0.13291839,-0.20529486,0.45773163
0.13298276,-0.20531276,0.4577918
0.13291042,-0.2053784,0.4577408
0.13290106,-0.20532684,0.45773926
0.13289002,-0.2052518,0.4579157
0.13287467,-0.20505685,0.45788088
0.1327587,-0.20500946,0.4578977
0.13293363,-0.20495869,0.45806593
0.13295439,-0.20467404,0.45779353
0.13296095,-0.2047114,0.45754325
0.1329909,-0.20460063,0.45745847
0.13316269,-0.20469661,0.45727655
0.13322014,-0.20477603,0.45721585
0.13319217,-0.20466784,0.45731735
0.13304107,-0.2045439,0.45722067
0.13299048,-0.20457141,0.45726144
0.13297226,-0.2042625,0.45706046
0.13283013,-0.20429431,0.4570415
0.13279279,-0.20423059,0.45706105
0.13283892,-0.20422052,0.45711362
0.1330911,-0.20407839,0.45702204
0.13318205,-0.20391461,0.45711002
0.1330996,-0.2037878,0.45730034
0.13351019,-0.20390764,0.4571124
0.13382477,-0.20374435,0.45733643
0.13402764,-0.20407599,0.45729756
0.13199994,-0.19373938,0.45673528
0.113854624,-0.20527773,0.54012537
0.11184847,-0.2282972,0.60908914
0.2522769,-0.21231256,0.7237941
0.056844756,-0.46182168,0.8528966
-0.20485453,-0.5724042,1.0115869
-0.45472834,-0.4680352,1.2311419
-0.6432896,-0.20276107,1.5731016
-0.6761322,0.052589756,1.8560625
-0.6788475,0.13004243,1.9513769
-0.6341491,0.018714592,1.8560548
-0.49222872,0.080891594,1.8400414
-0.5085256,0.12145177,1.8134813
-0.6218418,0.104790315,1.7227588
-0.6775264,0.120611705,1.7041334
-0.7473394,0.05178624,1.6850713
-0.80940956,-0.010871365,1.6650155
-0.86096084,-0.041107405,1.6586939
-0.9076477,-0.07155083,1.6409876
-0.9172109,-0.101833485,1.6328733
-0.9218761,-0.112747595,1.622995
-0.92487776,-0.110486135,1.6267725
-0.9261887,-0.1071747,1.6285758
-0.9240319,-0.106481664,1.6277469
-0.9203943,-0.107403934,1.6263602
-0.9164813,-0.11096288,1.6212975
-0.9131923,-0.11306612,1.6212443
-0.9103684,-0.11696007,1.6180043
-0.90750813,-0.117650345,1.6165849
-0.90880585,-0.1113312,1.6157529
-0.8365483,-0.045589212,1.6509163
-0.7638117,-0.007472436,1.6646812
-0.631179,0.01368886,1.6852067
-0.5385522,0.055645976,1.6632764
-0.5119976,0.04415838,1.6335533
-0.50758773,0.019986087,1.6149168
-0.5154348,0.005970008,1.6078261
-0.53399074,0.014416941,1.6044412
-0.54232526,0.03487429,1.603776
-0.5370668,0.05315749,1.6045587
-0.52469677,0.06927601,1.6049949
-0.5219755,0.12204162,1.6228338
-0.5427283,0.14975172,1.6367328
-0.55089206,0.15401025,1.6365225
-0.5542108,0.15852222,1.6405385
-0.55568594,0.15545064,1.6406238
-0.5539138,0.14020501,1.6421081
-0.5541914,0.1412253,1.6442639
-0.5507864,0.14044288,1.6452072
-0.54915565,0.13772213,1.6446826
-0.5496451,0.13975494,1.6470003
-0.5572611,0.13503815,1.6519846
-0.56897616,0.115392275,1.6550415
-0.57578546,0.109312356,1.6591818
-0.55324733,0.15614489,1.6499376
-0.5529953,0.17395256,1.6460342
-0.56202394,0.15959467,1.6514796
-0.5752744,0.12861098,1.6520814
-0.59957564,0.10403115,1.6534507
-0.61471903,0.099052325,1.6560501
-0.6210133,0.10128069,1.6584036
-0.626196,0.09597361,1.658661
-0.62386334,0.09923399,1.660685
-0.6250568,0.097591184,1.660073
-0.6241268,0.09788417,1.6605514
-0.62425756,0.09854048,1.6617178
-0.62142104,0.100120924,1.6590855
-0.61853045,0.10348638,1.660169
-0.6183657,0.10576922,1.66148
-0.6157528,0.10257815,1.6622689
-0.617802,0.09980715,1.6667305
-0.6152875,0.10674576,1.6703442
-0.6067783,0.11309493,1.6661482
-0.59943414,0.12523198,1.6638066
-0.60073537,0.12325733,1.6650134
-0.6110415,0.104953654,1.6659153
-0.6242305,0.088412516,1.6679122
-0.6374001,0.08357038,1.6719723
-0.6474829,0.07602487,1.6730947
-0.6438303,0.07597076,1.6670754
-0.64321476,0.075341254,1.6654927
-0.6412231,0.079855986,1.6685638
-0.6402463,0.08142138,1.6704328
-0.63783723,0.08413786,1.6707288
-0.6350572,0.08886525,1.6703805
-0.6288289,0.10040851,1.6731524
-0.62249786,0.1121058,1.6732596
-0.6204668,0.11367097,1.6770239
-0.61319244,0.113230415,1.6790828
-0.60938156,0.10946789,1.6823566
-0.6062575,0.11087697,1.6837219
-0.6023974,0.11638851,1.6835873
-0.6039841,0.1180682,1.6825514
-0.6037694,0.11932518,1.6806891
-0.6036579,0.12609355,1.6811316
-0.599029,0.12586866,1.6719565
-0.5912569,0.1044755,1.649152
-0.5743802,0.07097266,1.6194068
-0.5539764,0.05961333,1.5664401
-0.5454926,0.06503632,1.5449342
-0.5306755,0.07147341,1.5186284
-0.52124834,0.043894485,1.4816366
-0.52684945,0.035422448,1.4762985
-0.55070144,0.03854384,1.477455
-0.5589172,0.011396851,1.4796795
-0.5610597,-0.005619098,1.4876853
-0.5568516,-0.007068795,1.4894538
-0.55730397,-0.010822641,1.4844714
-0.5564044,-0.01510561,1.4820877
-0.55288917,-0.01779362,1.4822482
-0.54981667,-0.0170058,1.4832788
-0.5491726,-0.017919201,1.4840635
-0.5484586,-0.020505005,1.4824871
-0.546739,-0.024882566,1.4810718
-0.5467608,-0.023802975,1.4821364
-0.5444172,-0.02275413,1.4819499
-0.54794127,-0.022097213,1.4839501
-0.54697347,-0.018658914,1.4875089
-0.54559743,-0.021454649,1.4877592
-0.5451324,-0.024723608,1.4872714
-0.5443454,-0.026061786,1.4878336
-0.5445963,-0.028321939,1.4874204
-0.5435054,-0.031986542,1.4877796
-0.5421634,-0.03317217,1.4885731
-0.54052293,-0.03584121,1.4882997
-0.5393465,-0.038067885,1.4892755
-0.5388144,-0.039365236,1.4912456
-0.5380089,-0.045516074,1.4918351
-0.55046445,-0.10161123,1.5031624
-0.5633734,-0.14149599,1.5025749
-0.55476874,-0.13315663,1.504579
-0.5616919,-0.12938139,1.4991491
-0.5584441,-0.11231043,1.5063299
-0.56045777,-0.093885146,1.5141867
-0.5571706,-0.08287642,1.5176291
-0.5522523,-0.07896047,1.5178255
-0.5491088,-0.07182725,1.520607
-0.54800624,-0.07035326,1.5209
-0.5486345,-0.068502076,1.5221078
-0.54907745,-0.06929979,1.5204142
-0.5614503,-0.07105082,1.5229919
-0.5672481,-0.06156436,1.5166074
-0.56490326,-0.05515471,1.5208329
-0.57647145,-0.029781103,1.5301951
-0.58463424,-0.002741532,1.5391247
-0.59335595,0.0264084,1.5464734
-0.6026649,0.06050346,1.557232
-0.60987145,0.0995688,1.5884984
-0.61582494,0.12708737,1.6132505
-0.61816925,0.12475458,1.6163987
-0.61987805,0.12531626,1.6195273
-0.6152813,0.11669773,1.6169233
-0.61115825,0.105563805,1.6156546
-0.6098622,0.09094242,1.6165348
-0.6084158,0.080750205,1.621248
-0.6078918,0.09420858,1.6221328
-0.6095096,0.09016362,1.6200323
-0.6063927,0.09187899,1.6210996
-0.56831104,0.08381269,1.6284137
-0.48858255,0.098362744,1.6335534
-0.4847998,0.13540229,1.6554399
-0.48756212,0.13793084,1.6563967
-0.48756942,0.123045266,1.6578342
-0.49712083,0.12434324,1.6557126
-0.53155434,0.0993122,1.6411805
-0.5445954,0.08312583,1.625277
-0.54783607,0.063941196,1.6248099
-0.57499737,0.027839158,1.626446
-0.6010176,-2.58E-04,1.6206254
-0.61053956,-0.01090169,1.6183728
-0.6003158,0.004647644,1.6182381
-0.59425694,0.011746527,1.6153038
-0.5917249,0.008633429,1.6074852
-0.5814186,0.016904963,1.60443
-0.578266,0.02264556,1.6025454
-0.5722476,0.026581787,1.6016127
-0.5723078,0.031434614,1.601412
-0.5694409,0.030833276,1.5973322
-0.56809205,0.034869798,1.5982438
-0.56924206,0.03445535,1.5977983
-0.57280934,0.025619773,1.6000295
-0.57940555,0.030090932,1.5969006
-0.57913476,0.037093285,1.6003926
-0.58170354,0.048907965,1.6064954
-0.58204985,0.056457452,1.6099994
-0.58048487,0.06018057,1.6118106
-0.58026534,0.06235952,1.6122515
-0.580544,0.06845374,1.614932
-0.5790955,0.07345122,1.6167285
-0.5776903,0.079237916,1.6195476
-0.5771485,0.081072934,1.6209129
-0.5741799,0.085844606,1.6237044
-0.5641834,0.09390229,1.6254972
-0.5387704,0.11474616,1.6292648
-0.5306779,0.12007268,1.6362538
-0.5299252,0.14161438,1.6506108
-0.5338063,0.15637794,1.6554428
-0.54098856,0.12833476,1.6471632
-0.54454136,0.09474074,1.6307746
-0.5630096,0.071713746,1.6132123
-0.62016857,0.009472667,1.5940697
-0.61976105,0.007699765,1.5936509
-0.5999199,0.03250444,1.5981174
-0.59171915,0.030777756,1.5986139
-0.59061176,0.033802465,1.5990388
-0.60848534,0.003307786,1.5990711
-0.60497105,0.015084369,1.6005073
-0.5936242,0.02280437,1.6028376
-0.5728672,0.028375572,1.6100634
-0.52816635,0.04354037,1.614499
-0.50751626,0.092614025,1.6340383
-0.5206046,0.09380527,1.647014
-0.5301381,0.08119754,1.6444129
-0.5358643,0.06995385,1.6395993
-0.5393571,0.0801131,1.6382506
-0.539789,0.083671674,1.6338879
-0.5412,0.07934129,1.6321783
-0.53978765,0.07967566,1.6286863
-0.5419007,0.08427206,1.6287627
-0.5485669,0.07918271,1.6296965
-0.5550446,0.057156038,1.6302437
-0.56482905,0.012043485,1.622505
-0.5659143,0.04546653,1.6162721
-0.553877,0.07315263,1.6041975
-0.5607177,0.048851147,1.5977033
-0.55724823,0.043013964,1.5916728
-0.5566166,0.0396987,1.591413
-0.5539431,0.03833217,1.59032
-0.5517597,0.027176829,1.5846617
-0.52853703,0.020311821,1.5694511
-0.48394004,-0.03230335,1.4744389
-0.43935508,-0.058170833,1.3634423
-0.4044198,-0.059974663,1.2904571
-0.41071555,-0.021530645,1.2708035
-0.44081494,-0.04510692,1.2618508
-0.46626046,-0.040434267,1.2841754
-0.50368047,0.034831647,1.3790969
-0.55762935,0.071398735,1.5498525
-0.5783663,0.09953674,1.6953863
-0.5682861,0.08243516,1.7391981
-0.5515118,0.08373004,1.7413952
-0.5616893,0.079474814,1.7491034
-0.54954875,0.07885566,1.7518536
-0.5402745,0.082586266,1.7556787
-0.5396654,0.09161763,1.7595636
-0.5514873,0.1309441,1.7724558
-0.5597527,0.1497678,1.7795086
-0.566425,0.14800102,1.7797396
-0.5659349,0.15201673,1.782081
-0.5645407,0.15051563,1.7815061
-0.56122845,0.144932,1.778183
-0.5593164,0.1388222,1.7746094
-0.5633719,0.1300843,1.7726636
-0.5599167,0.12739666,1.7718472
-0.5613378,0.12218388,1.7702515
-0.5612961,0.11635595,1.765457
-0.5618357,0.11366782,1.7637718
-0.5661752,0.11326948,1.7661937
-0.568458,0.11440154,1.7664092
-0.5692497,0.112162955,1.7642252
-0.56940913,0.11276583,1.763898
-0.57110673,0.116181575,1.7651101
-0.57878083,0.12013556,1.7689896
-0.5858473,0.1251987,1.7725141
-0.58618796,0.13771634,1.7732812
-0.582043,0.15298876,1.7758842
-0.5788382,0.15054817,1.7741499
-0.5772726,0.14633787,1.7727265
-0.57472384,0.13519691,1.7687757
-0.5752769,0.1318594,1.7692577
-0.57542694,0.14064291,1.771119
-0.57582927,0.14804843,1.7736413
-0.5728735,0.14896818,1.7747806
-0.5727461,0.1495567,1.7754565
-0.5700156,0.14045267,1.7725943
-0.5666393,0.11306481,1.7656986
-0.5627572,0.10339891,1.7640339
-0.56235504,0.106181465,1.7639028
-0.5675401,0.12057287,1.7692506
-0.56515205,0.117516905,1.7694976
-0.56367886,0.103934914,1.7681732
-0.55940497,0.10020118,1.7662804
-0.5599014,0.108307324,1.7668688
-0.5627706,0.11488902,1.7683241
-0.56094915,0.10077611,1.7658892
-0.55944484,0.10081786,1.7655481
-0.55680835,0.10582459,1.7662089
-0.56274724,0.11027139,1.767178
-0.55781186,0.10425744,1.7676603
-0.55763763,0.09548989,1.7685106
-0.56108975,0.09815865,1.7694284
-0.5784592,0.1211187,1.7802438
-0.6293279,0.24698573,1.8594848
-0.6400348,0.26266295,1.879957
-0.6451089,0.27987742,1.8939459
-0.63722926,0.29570547,1.906407
-0.6387667,0.2849305,1.9033364
-0.6397649,0.28664085,1.9064078
-0.6338509,0.2882048,1.9051641
-0.6297936,0.274864,1.8987995
-0.6245308,0.26221764,1.8900086
-0.6221639,0.2608328,1.8893098
-0.6190948,0.25346652,1.8850737
-0.61825144,0.24792422,1.8817693
-0.61197215,0.23821776,1.8739192
-0.6088762,0.21637492,1.861871
-0.6088009,0.20622753,1.8574415
-0.60749316,0.20217566,1.8557006
-0.6079314,0.1930011,1.8495551
-0.6065764,0.18304372,1.8438083
-0.60848355,0.17518029,1.8418561
-0.6081043,0.17232269,1.8412257
-0.6079484,0.17337254,1.8428917
-0.60960513,0.17482206,1.8441244
-0.6096583,0.1724239,1.8445871
-0.6033797,0.16965018,1.8438501
-0.6036763,0.16501796,1.8419293
-0.6033689,0.1575128,1.8357008
-0.60393274,0.15157586,1.8318578
-0.6043318,0.1499703,1.8305914
-0.5999947,0.1456969,1.8267673
-0.5989199,0.12656972,1.8178076
-0.5778817,0.10100876,1.8002387
-0.5778532,0.10525865,1.801266
-0.57679546,0.10556038,1.7979927
-0.576154,0.10741864,1.7977575
-0.57483184,0.110616416,1.7985619
-0.57422733,0.10806486,1.7967832
-0.5738084,0.108659305,1.7970166
-0.5745721,0.102697045,1.7949684
-0.57087874,0.0876472,1.7950888
-0.5692386,0.08686272,1.7989321
-0.5691283,0.09195076,1.7999934
-0.5686559,0.09200743,1.797748
-0.5683405,0.09340117,1.7976087
-0.5701743,0.09289776,1.7973335
-0.571277,0.08938794,1.7938821
-0.5690325,0.0901998,1.7937995
-0.56850296,0.09050343,1.7951705
-0.5672139,0.09126139,1.7951859
-0.5652782,0.089567244,1.7945088
-0.56525683,0.08851051,1.7948822
-0.5678849,0.07936599,1.7952049
-0.5732016,0.06896535,1.7956239
-0.5724141,0.067522906,1.7948186
-0.5713928,0.06846223,1.7940996
-0.5712724,0.07087886,1.7931173
-0.5696766,0.08029596,1.7947528
-0.5662757,0.09735483,1.7978706
-0.56494665,0.09870737,1.7977734
-0.5655911,0.09313093,1.7968776
-0.56768245,0.086843655,1.7971399
-0.5731232,0.084911086,1.8002799
-0.56636375,0.08825476,1.800798
-0.57022595,0.089155726,1.7988166
-0.5658209,0.07058817,1.7890036
-0.54567385,-0.031739723,1.7362536
-0.51910794,-0.099988185,1.6954435
-0.5209545,-0.08442201,1.702259
-0.52866435,-0.05702104,1.7108073
-0.534012,-0.033894468,1.720092
-0.53448117,-0.018459324,1.7256995
-0.53729504,-0.01151892,1.7285829
-0.545917,0.02454816,1.7446564
-0.55106866,0.06965913,1.7676703
-0.5501995,0.05388159,1.7595602
-0.5358674,-0.01596969,1.7323264
-0.5374761,-0.046025857,1.7246804
-0.54283506,-0.040115904,1.7251699
-0.54586244,-0.029147958,1.7285239
-0.5452071,-0.02031948,1.730861
-0.54410726,-0.016731989,1.731464
-0.5410864,-0.013000447,1.7313617
-0.54070586,-0.010697243,1.7315004
-0.5400849,-0.010418883,1.7282065
-0.5391311,-0.01097802,1.7257675
-0.5416172,-0.005956722,1.7278159
-0.54797137,0.034756336,1.7417132
-0.53966147,0.061672706,1.7525663
-0.52858824,-0.036576483,1.722626
-0.5220966,-0.08939743,1.7171364
-0.5255384,-0.079992406,1.7158813
-0.53454685,-0.06625262,1.7131593
-0.53848904,-0.056986276,1.71273
-0.5404394,-0.05516735,1.7118735
-0.53160703,-0.031519365,1.7108114
-0.49726674,0.08861683,1.6924709
-0.4622455,0.22610734,1.6718351
-0.4441714,0.23038545,1.746492
-0.28469574,0.10305822,1.8443973
-0.19070242,0.0948693,1.8978989
-0.23431897,0.047222387,1.8821222
-0.29092008,-0.06311257,1.5651954
-0.39447924,-0.084079,1.4936414
-0.5262999,-0.13640451,1.3775535
-0.6302579,-0.24259098,1.2516284
-0.6934365,-0.2800593,1.1268089
-0.7206054,-0.37846807,1.0042356
-0.6946848,-0.38597304,0.9179319
-0.610938,-0.40664142,0.9696297
-0.599337,-0.37904772,0.98086065
-0.5678858,-0.41948354,0.9920948
-0.57165945,-0.43860695,0.9906002
-0.571562,-0.43851715,0.9933066
-0.57356644,-0.41763622,1.0055181
-0.5673317,-0.41449672,0.99338967
-0.547522,-0.4095527,0.9737077
-0.54993606,-0.38437265,0.9604049
-0.55340606,-0.36781007,0.9609281
-0.5516709,-0.36954075,0.96955234
-0.55598503,-0.3789393,0.97550464
-0.555646,-0.39007553,0.9910249
-0.54769045,-0.4054839,1.0146955
-0.5563734,-0.4115813,0.9916635
-0.5441992,-0.41864547,0.9660635
-0.5575207,-0.3987576,0.9478391
-0.56737655,-0.40477502,0.9483145
-0.5799683,-0.40849718,0.9477093
-0.58514106,-0.4138482,0.94447756
-0.5893702,-0.42066836,0.9454624
-0.59198815,-0.41580772,0.9541863
-0.5964634,-0.41156417,0.9575729
-0.60508084,-0.40808675,0.95416063
-0.62520385,-0.39287663,0.94117355
-0.6542027,-0.3728597,0.9289777
-0.68802994,-0.35926786,0.913652
-0.6541652,-0.3646281,0.9499822
-0.5649409,-0.52504396,1.0776436
-0.5161017,-0.6711983,1.1308112
-0.5023515,-0.6102983,1.1103615
-0.5419561,-0.5383567,1.0868185
-0.5761581,-0.4773172,1.0519197
-0.5915783,-0.413466,1.0005778
-0.6129537,-0.37700212,0.97178465
-0.6354657,-0.34845197,0.93863696
-0.6122376,-0.31563884,0.9633513
-0.53578496,-0.4166566,1.067033
-0.49425778,-0.5088509,1.1392685
-0.49213895,-0.53062475,1.1350824
-0.5079896,-0.5202673,1.1250448
-0.51999813,-0.5242542,1.1140441
-0.5258783,-0.5253564,1.1030707
-0.533025,-0.49753606,1.0770373
-0.5511212,-0.42388177,1.000158
-0.5460018,-0.41992003,1.0060542
-0.51435167,-0.5151102,1.0932702
-0.50688916,-0.55166036,1.1241409
-0.5176428,-0.54284745,1.1148618
-0.526316,-0.5243133,1.1112818
-0.52866244,-0.5127859,1.1093136
-0.5441356,-0.46501702,1.0552243
-0.57614446,-0.36720967,0.944247
-0.6164991,-0.35202065,0.91764945
-0.5979773,-0.34432167,0.91023844
-0.5746775,-0.3399224,0.9024836
-0.56541395,-0.32405835,0.9116292
-0.55130327,-0.33363265,0.93747264
-0.5168295,-0.36747602,0.9666849
-0.48130944,-0.38590676,0.98933
-0.4555485,-0.38253546,1.0170175
-0.46110976,-0.37864026,1.0227053
-0.44563952,-0.39355114,1.0250278
-0.42965695,-0.40166715,1.0053087
-0.43200576,-0.41647002,0.99853534
-0.4451941,-0.42452294,1.0012062
-0.45854002,-0.41131696,1.0191138
-0.47948474,-0.40886268,1.0399786
-0.48294646,-0.41395122,1.0715935
-0.49335626,-0.44957814,1.1014057
-0.49874517,-0.5136717,1.1089988
-0.4439571,-0.5467737,1.1364626
-0.42381343,-0.5319554,1.1953444
-0.30749682,-0.41747195,1.2437303
-0.31189662,-0.3901586,1.2676922
-0.3006613,-0.42591226,1.2856882
-0.262678,-0.40683758,1.281838
-0.27874923,-0.41831437,1.2686577
-0.30294162,-0.3916029,1.2497042
-0.3181844,-0.3920202,1.2463429
-0.3331041,-0.39557868,1.2370872
-0.3368434,-0.3865017,1.2366765
-0.35154775,-0.39046788,1.2327045
-0.3717133,-0.3947194,1.2205513
-0.38721982,-0.38411257,1.2065415
-0.40051967,-0.38044414,1.1999485
-0.41553125,-0.37744582,1.1919745
-0.43038675,-0.37232566,1.1841393
-0.4533386,-0.3778523,1.1732256
-0.45865205,-0.36685386,1.1748236
-0.4617644,-0.35837498,1.1759636
-0.46876624,-0.35351172,1.1741861
-0.47336075,-0.36322138,1.1765665
-0.4690432,-0.3611262,1.1793077
-0.4669549,-0.3582877,1.1814232
-0.46930876,-0.3541545,1.1829425
-0.4690154,-0.3538215,1.1842679
-0.46572092,-0.35507783,1.1849656
-0.4659909,-0.3569513,1.1857628
-0.46548516,-0.35939935,1.1850064
-0.46621853,-0.36284322,1.1820804
-0.46661717,-0.37099296,1.1780565
-0.4657124,-0.37262836,1.1769216
-0.46604335,-0.37400636,1.1765558
-0.4664408,-0.37430254,1.1767548
-0.46640858,-0.37396514,1.1782792
-0.46517906,-0.37564272,1.1781452
-0.46502632,-0.37737593,1.1771193
-0.4654923,-0.37985033,1.1756295
-0.46422628,-0.3828379,1.1747993
-0.4647402,-0.38692173,1.1726277
-0.466758,-0.39461416,1.1668098
-0.47006196,-0.40212464,1.1600251
-0.47046354,-0.4051884,1.1579496
-0.47067356,-0.40755594,1.1577152
-0.47053674,-0.4109452,1.1574541
-0.47184002,-0.41306803,1.1571393
-0.47393537,-0.4147479,1.1557968
-0.47518352,-0.41729558,1.154829
-0.47522846,-0.42593634,1.1526004
-0.47402316,-0.42846245,1.153444
-0.47498983,-0.4307132,1.1528623
-0.47446892,-0.43217927,1.1535578
-0.47322744,-0.43441123,1.153756
-0.4709293,-0.43754396,1.1535804
-0.47044116,-0.44300374,1.1515695
-0.46688163,-0.44692108,1.1527271
-0.46602914,-0.45104825,1.1527315
-0.46551532,-0.45173985,1.1537489
-0.46445784,-0.4538029,1.152989
-0.46306705,-0.45823306,1.1525291
-0.46224004,-0.4586495,1.1525316
-0.46332455,-0.45853567,1.1522363
-0.4641125,-0.45963556,1.1525446
-0.46299073,-0.45983106,1.1534328
-0.46325326,-0.4605504,1.1522944
-0.46263647,-0.46056768,1.1534938
-0.4629711,-0.46235037,1.1543518
-0.46428832,-0.4647334,1.1556892
-0.467678,-0.4725436,1.1568277
-0.46891776,-0.47694722,1.1566861
-0.4692603,-0.4791387,1.1574211
-0.47064987,-0.48203105,1.1574452
-0.47136724,-0.48614255,1.1589557
-0.4712545,-0.48706052,1.1596123
-0.47030938,-0.48814604,1.1588391
-0.46980417,-0.48784834,1.1587346
-0.4697973,-0.48787865,1.1595626
-0.46925515,-0.4898384,1.1605197
-0.4697782,-0.4908489,1.1592855
-0.46970385,-0.49119562,1.1589392
-0.46726087,-0.49211386,1.1595665
-0.4678063,-0.49167082,1.1599748
-0.46818674,-0.49233148,1.1603286
-0.46820065,-0.49338934,1.1598245
-0.4674438,-0.494264,1.1600935
-0.4676006,-0.49390402,1.1608485
-0.46695465,-0.49573126,1.1605704
-0.46678433,-0.49654326,1.1599612
-0.4663969,-0.49691856,1.1598177
-0.465813,-0.49775293,1.1603732
-0.46522006,-0.49770373,1.1615772
-0.464806,-0.49831223,1.1607273
-0.46440622,-0.49936023,1.1609253
-0.46275255,-0.50044703,1.1621846
-0.4632539,-0.5015091,1.1626267
-0.46203542,-0.50231326,1.1628718
-0.4620433,-0.5039176,1.1617645
-0.46190023,-0.50470924,1.1612103
-0.46108812,-0.50561893,1.161379
-0.46195418,-0.5067204,1.160752
-0.46098158,-0.50844884,1.1605356
-0.45960224,-0.5097751,1.160386
-0.4595379,-0.50911653,1.1617677
-0.45998737,-0.50846267,1.1624814
-0.45975822,-0.5092943,1.1621629
-0.46111807,-0.5100958,1.1589369
-0.4591485,-0.5150922,1.1557206
-0.45707053,-0.5221002,1.1540908
-0.4565183,-0.53267473,1.1516662
-0.4557586,-0.5422871,1.150892
-0.45655313,-0.5426561,1.1507418
-0.45818847,-0.54505205,1.1507833
-0.46089697,-0.54701614,1.1523899
-0.4616533,-0.5471783,1.1533422
-0.46123442,-0.54901135,1.1520548
-0.46065497,-0.5494117,1.1533456
-0.46040484,-0.5477653,1.1558076
-0.45972353,-0.54752934,1.1558648
-0.4596575,-0.5485449,1.1552469
-0.45955488,-0.55008024,1.1544303
-0.4591799,-0.55041116,1.1557782
-0.46069938,-0.5525379,1.1535028
-0.46141574,-0.55512214,1.1510541
-0.46030018,-0.555128,1.1510526
-0.45940346,-0.55517834,1.15236
-0.45965484,-0.5567262,1.1516321
-0.46062472,-0.55750495,1.1507611
-0.4592641,-0.55926317,1.1506917
-0.4584444,-0.5598284,1.1512823
-0.45805198,-0.5567666,1.1526502
-0.4598342,-0.55849737,1.1515938
-0.4611573,-0.5606779,1.1510236
-0.4613679,-0.5610816,1.1510584
-0.462561,-0.56149465,1.1506965
-0.4628542,-0.5627308,1.1511403
-0.46350482,-0.563705,1.1498355
-0.4633507,-0.56408983,1.1488863
-0.4626742,-0.5652014,1.14839
-0.46289727,-0.56537896,1.1483829
-0.4627157,-0.56540054,1.1487595
-0.4624673,-0.566869,1.1467353
-0.46284077,-0.5685195,1.1451898
-0.46222726,-0.5701432,1.1448934
-0.46168226,-0.57031924,1.1456225
-0.46158096,-0.5704497,1.1450909
-0.4615364,-0.5708534,1.1455386
-0.46248052,-0.5707243,1.1459615
-0.46150926,-0.5717483,1.1462877
-0.46110877,-0.57185894,1.1462493
-0.46152437,-0.57244265,1.1456258
-0.4606392,-0.57342637,1.1455076
-0.46057945,-0.5733565,1.1462691
-0.46042135,-0.5745218,1.1453559
-0.46069252,-0.57538456,1.1441497
-0.46029842,-0.5760098,1.1440212
-0.46040756,-0.5771306,1.1436793
-0.46076858,-0.57698303,1.1439806
-0.4609651,-0.5795839,1.144731
-0.462243,-0.58057916,1.146138
-0.4612823,-0.5796884,1.1486565
-0.46156222,-0.5794191,1.1508065
-0.46438938,-0.58000624,1.1532949
-0.462707,-0.5879765,1.1605102
-0.46856496,-0.59712505,1.1650507
-0.47470304,-0.5966498,1.1697267
-0.4590154,-0.5700663,1.1952251
-0.43533653,-0.5474938,1.2109973
-0.42746863,-0.56010056,1.2251636
-0.45492798,-0.5506223,1.1825662
-0.42355508,-0.53051484,1.1772276
-0.41009575,-0.47499734,1.1668704
-0.41322595,-0.48031425,1.169649
-0.41832617,-0.48881623,1.1707054
-0.41215697,-0.4856824,1.1850486
-0.42053023,-0.49450296,1.1851065
-0.4342091,-0.5056701,1.1803108
-0.44019035,-0.51779866,1.1790236
-0.44012523,-0.5231218,1.1780305
-0.43853778,-0.52783364,1.1803252
-0.4399733,-0.5308331,1.1787792
-0.43944257,-0.53464425,1.1781851
-0.43934563,-0.5348034,1.1779538
-0.43959397,-0.53443396,1.1789252
-0.4395287,-0.5328612,1.1803784
-0.4360546,-0.53238726,1.1829363
-0.43740395,-0.53391325,1.1794381
-0.4386801,-0.5369957,1.175452
-0.43907693,-0.5396686,1.1740065
-0.43951198,-0.5408595,1.1733534
-0.43999487,-0.5411103,1.1740664
-0.44173226,-0.54126644,1.173262
-0.44173127,-0.5422295,1.1715214
-0.44133586,-0.54337806,1.1719077
-0.4424461,-0.543949,1.1712756
-0.4414131,-0.54371035,1.173772
-0.44286406,-0.54406154,1.1747159
-0.439349,-0.53842336,1.1876724
-0.43811715,-0.53977793,1.1864687
-0.44416553,-0.5434823,1.1794152
-0.44500628,-0.54252535,1.1842837
-0.44385982,-0.5419048,1.1890438
-0.4448688,-0.5454446,1.187741
-0.44754145,-0.5507456,1.180052
-0.44842145,-0.555273,1.173204
-0.45117623,-0.5596553,1.1704435
-0.45525277,-0.56494623,1.1674455
-0.45449984,-0.55972624,1.1811048
-0.4509379,-0.5552298,1.1890972
-0.45053732,-0.55767125,1.1812795
-0.4517255,-0.5595888,1.179495
-0.4524344,-0.5529481,1.1889414
-0.44803312,-0.54781127,1.1956712
-0.44480297,-0.5451067,1.1968908
-0.44408962,-0.5433889,1.1942849
-0.44261613,-0.542092,1.1925528
-0.44241193,-0.53944594,1.1922389
-0.4415893,-0.5351018,1.1924623
-0.4420811,-0.53075385,1.1904709
-0.43885282,-0.52289224,1.1931436
-0.4395896,-0.51434696,1.1921773
-0.4387072,-0.5176852,1.1917281
-0.43205938,-0.52725756,1.1927285
-0.43296134,-0.52971274,1.191168
-0.43554798,-0.5278316,1.1899397
-0.43591633,-0.52868843,1.1884395
-0.43895182,-0.5239239,1.1903315
-0.4434216,-0.516035,1.1920468
-0.44887498,-0.5037627,1.1856298
-0.46027073,-0.48272976,1.1693399
-0.4732947,-0.4690606,1.1596721
-0.46566916,-0.46923903,1.165002
-0.467588,-0.46829575,1.1651747
-0.45599717,-0.46762562,1.1736437
-0.42511058,-0.50479424,1.2065965
-0.41594213,-0.5309888,1.2200631
-0.42124957,-0.5327575,1.2211473
-0.42111662,-0.53828996,1.2214029
-0.41815856,-0.5465596,1.2196094
-0.4174125,-0.55245185,1.2183565
-0.42162967,-0.5649385,1.220238
-0.42036444,-0.5738964,1.2222519
-0.43070108,-0.56697404,1.2201401
-0.4507632,-0.5223649,1.2128774
-0.4471315,-0.52538705,1.2243987
-0.440386,-0.54230237,1.2247638
-0.44118753,-0.547281,1.2211506
-0.44302958,-0.55114484,1.2187412
-0.4421703,-0.5554142,1.2180709
-0.4429318,-0.5584952,1.2152531
-0.4448968,-0.5614076,1.2144742
-0.445894,-0.5593769,1.2162237
-0.4474547,-0.557338,1.2175195
-0.4463317,-0.55888504,1.2169509
-0.4445706,-0.55903447,1.2172285
-0.44534567,-0.55929416,1.2178789
-0.44544703,-0.5606587,1.2175882
-0.44552046,-0.5633825,1.2162832
-0.4495628,-0.56289744,1.2158847
-0.454031,-0.5650134,1.2159531
-0.45467815,-0.5692292,1.2157853
-0.4537284,-0.5725423,1.2147171
-0.45442498,-0.57142013,1.2140803
-0.45477635,-0.5721415,1.2161644
-0.4555851,-0.57118946,1.2178874
-0.45657933,-0.57169074,1.217669
-0.45758355,-0.57355636,1.2165669
-0.45772976,-0.57314205,1.2174687
-0.45781854,-0.5742763,1.2169096
-0.45787817,-0.57438236,1.2167526
-0.45918,-0.5741344,1.2162025
-0.46059248,-0.5765142,1.215439
-0.45979828,-0.5772661,1.2162651
-0.45903856,-0.57191133,1.215109
-0.45995066,-0.5697802,1.21402
-0.46004036,-0.57030135,1.2149336
-0.45949575,-0.57196593,1.215742
-0.4606211,-0.5711148,1.2183075
-0.4614376,-0.57333046,1.2168553
-0.46208495,-0.5744617,1.2153914
-0.46215606,-0.57233274,1.2166994
-0.46748698,-0.57628787,1.2145244
-0.4620173,-0.57683134,1.2157629
-0.4535589,-0.58198816,1.2194003
-0.4479649,-0.5892364,1.2214129
-0.44572583,-0.5898556,1.2319624
-0.4464519,-0.59277046,1.2346004
-0.44501305,-0.5920083,1.2346932
-0.4509492,-0.59168106,1.2287511
-0.45335004,-0.58876544,1.2309548
-0.45251015,-0.594799,1.2295862
-0.4515187,-0.59608155,1.2310783
-0.45308003,-0.5937791,1.2349933
-0.45372304,-0.5898286,1.2362341
-0.45153424,-0.57966244,1.242025
-0.44265524,-0.568615,1.2522509
-0.43861744,-0.5424879,1.258573
-0.4332594,-0.53789085,1.2671688
-0.4104118,-0.4903276,1.2984145
-0.4066849,-0.4420274,1.3162911
-0.40807426,-0.42608023,1.314896
-0.40253726,-0.3977706,1.3178921
-0.4109478,-0.38187093,1.3208034
-0.42250958,-0.39022106,1.3161632
-0.43246135,-0.40381476,1.300522
-0.45058608,-0.4230116,1.2874987
-0.4770102,-0.40351164,1.2864769
-0.4938773,-0.36445075,1.2752308
-0.5230243,-0.33224425,1.2719735
-0.5193176,-0.29967126,1.2855122
-0.5274968,-0.31694847,1.2923273
-0.53727853,-0.33719978,1.30025
-0.5613244,-0.35587525,1.278753
-0.6123382,-0.37032893,1.2056812
-0.7377523,-0.40812132,1.1215559
-0.72237545,-0.33921593,1.1303076
-0.64609677,-0.30560917,1.2459935
-0.59705704,-0.32161406,1.3182988
-0.59376234,-0.34421256,1.3315129
-0.60501474,-0.3466522,1.3299693
-0.5989379,-0.34104916,1.3327694
-0.5916757,-0.34861967,1.3403834
-0.60140324,-0.34536058,1.334091
-0.6682937,-0.3696205,1.2532896
-0.6483725,-0.36192316,1.2397174
-0.61246455,-0.3500069,1.2984579
-0.5946013,-0.3512846,1.3199111
-0.57768506,-0.36082312,1.3375171
-0.5832412,-0.3257698,1.3198601
-0.5850004,-0.33103496,1.2964346
-0.57052714,-0.32282883,1.3449231
-0.5462907,-0.34626502,1.3667655
-0.5402423,-0.36664844,1.3497175
-0.5378802,-0.38517874,1.3368871
-0.5412635,-0.3949975,1.3286712
-0.5454945,-0.41304007,1.3226763
-0.5355279,-0.43334582,1.308026
-0.5466493,-0.44082072,1.2845622
-0.55383307,-0.44245702,1.2636162
-0.5528354,-0.4335157,1.2750009
-0.55710125,-0.42738828,1.2824627
-0.5448659,-0.40835676,1.3079433
-0.46514454,-0.42326626,1.4554679
-0.4251844,-0.49907959,1.5687697
-0.4408934,-0.4931983,1.5433695
-0.46758685,-0.41067398,1.4764382
-0.5657323,-0.32695267,1.411091
-0.55687046,-0.31428352,1.463066
-0.47975442,-0.38313702,1.5620782
-0.45659548,-0.446962,1.5765098
-0.44187862,-0.45723078,1.5561527
-0.44965705,-0.46138918,1.5383976
-0.46070135,-0.46016297,1.5263453
-0.46856114,-0.46092376,1.5119098
-0.5078121,-0.39645556,1.4333352
-0.6027854,-0.32010773,1.394193
-0.635729,-0.3033118,1.391963
-0.56984925,-0.34403607,1.4780471
-0.5138009,-0.4159343,1.5257279
-0.49669892,-0.45212632,1.5292538
-0.5023861,-0.44056073,1.5103896
-0.50305206,-0.4377054,1.506782
-0.5044516,-0.43793693,1.4974378
-0.5129517,-0.4282448,1.4760631
-0.5175696,-0.37662616,1.4499825
-0.5243836,-0.3328562,1.4103515
-0.5273769,-0.28871164,1.375645
-0.4909413,-0.31374046,1.463361
-0.44630888,-0.3699473,1.5591075
-0.46375766,-0.381766,1.5614135
-0.4746704,-0.38673976,1.5373434
-0.48845106,-0.38508898,1.5147026
-0.5119579,-0.3843232,1.4801775
-0.5337854,-0.38012725,1.4484403
-0.5469006,-0.37667444,1.4324228
-0.5452207,-0.37881687,1.431749
-0.5379612,-0.38149464,1.4299984
-0.53634864,-0.38379493,1.4277813
-0.5360242,-0.38282475,1.4291496
-0.5325128,-0.3713911,1.4309982
-0.5393609,-0.36837474,1.3884531
-0.5760843,-0.3241598,1.32177
-0.5427725,-0.31872773,1.3700726
-0.5420318,-0.34231368,1.3968238
-0.545046,-0.38245487,1.4082363
-0.56899065,-0.37348947,1.3989806
-0.6007677,-0.36604846,1.4352493
-0.6217276,-0.367312,1.4394491
-0.55954957,-0.3375616,1.5337346
-0.47492436,-0.4355559,1.6470056
-0.4744858,-0.4905556,1.6458753
-0.48308235,-0.47836855,1.602
-0.49124032,-0.47140175,1.5723894
-0.49534687,-0.45541152,1.5610551
-0.49730274,-0.44248152,1.530603
-0.50628144,-0.4406859,1.5051591
-0.5126537,-0.42050505,1.48316
-0.5211146,-0.40321684,1.4570475
-0.5228924,-0.39420027,1.4431803
-0.52448446,-0.39401984,1.4363185
-0.527089,-0.39141908,1.4353557
-0.53461826,-0.39446664,1.4294138
-0.540321,-0.40178385,1.4188716
-0.5470765,-0.40439767,1.4022727
-0.5476752,-0.3930964,1.3787749
-0.5578352,-0.3863155,1.3269455
-0.5628253,-0.37689704,1.3006264
-0.5594027,-0.3738215,1.3065193
-0.52141863,-0.3917622,1.3807497
-0.4945533,-0.4485532,1.4427335
-0.50440675,-0.45596924,1.4264554
-0.51584697,-0.45565268,1.407713
-0.519917,-0.45632213,1.3945675
-0.5226578,-0.45086756,1.3925213
-0.5274595,-0.44875523,1.392794
-0.528949,-0.44785765,1.3912138
-0.52658683,-0.4471736,1.3907259
-0.52475405,-0.4506706,1.3897694
-0.5245454,-0.45043787,1.3899417
-0.52548486,-0.45084977,1.3904382
-0.52411234,-0.45411742,1.386881
-0.519742,-0.46777394,1.3807462
-0.5165433,-0.48075134,1.3733014
-0.5134443,-0.4911184,1.3640175
-0.47360796,-0.5305371,1.3176042
-0.30888635,-0.5217148,1.2497615
-0.06945153,-0.57652384,1.1908233
0.12733169,-0.6004849,1.0549077
0.19383761,-0.44387335,0.9707311
0.2566213,-0.49156564,0.98895717
0.28969082,-0.50434124,0.9735021
0.33292553,-0.5723398,0.9470957
0.39151615,-0.59229684,0.901091
0.43709445,-0.5394263,0.8764409
0.43780783,-0.54477215,0.8791624
0.40530217,-0.59650195,0.8463418
0.341274,-0.5007236,0.8076639
0.3488351,-0.3793152,0.83929616
0.32381606,-0.3281027,0.8951944
0.3130885,-0.28459537,0.9395356
0.3098983,-0.2185452,0.9392943
0.28096852,-0.2531105,1.0528939
0.24177895,-0.291255,1.1904173
0.23099357,-0.30029386,1.2244824
0.23084903,-0.3005466,1.2244464
0.23105958,-0.30104446,1.2245665
0.23138045,-0.30163947,1.2245144
0.23142256,-0.30172354,1.2246268
0.23159905,-0.30206698,1.2246269
0.23178148,-0.30243313,1.2246286
0.23188272,-0.30265343,1.2249589
0.23189895,-0.30294523,1.225146
0.23201816,-0.30344966,1.2251215
0.23198378,-0.30387083,1.2252297
0.23194903,-0.304091,1.225239
0.232005,-0.3043849,1.2253102
0.2321187,-0.30468842,1.225351
0.23202443,-0.30503517,1.2254777
0.23198164,-0.30524236,1.2256716
0.23198472,-0.3055477,1.2258039
0.2319556,-0.30592477,1.2259861
0.2321779,-0.30603585,1.226155
0.23228106,-0.30632138,1.2262049
0.23242879,-0.3065413,1.2262158
0.23261926,-0.3067449,1.2262858
0.23293595,-0.30717352,1.2263504
0.2331044,-0.30752844,1.2266569
0.23339228,-0.3077948,1.226478
0.23360497,-0.30797458,1.2266138
0.23364651,-0.3083487,1.226599
0.23355128,-0.3085348,1.2268902
0.23362055,-0.30855834,1.2270908
0.23379777,-0.30862322,1.2271559
0.23400384,-0.30884132,1.2273337
0.23423572,-0.30905837,1.2273669
0.23421845,-0.30923784,1.227571
0.23437844,-0.30924496,1.2272979
0.2345809,-0.3097336,1.2272918
0.23462962,-0.3099755,1.227319
0.23475546,-0.31025988,1.2272769
0.23486833,-0.3104171,1.227303
0.23480326,-0.3108999,1.2274883
0.2348307,-0.3111485,1.227634
0.23488733,-0.31146142,1.2279881
0.23540232,-0.31209108,1.227972
0.23547508,-0.31241506,1.228109
0.23568246,-0.3127872,1.2282175
0.23569572,-0.31314656,1.228717
0.2357335,-0.31345573,1.2289624
0.23595658,-0.3136561,1.2290207
0.23613422,-0.31377497,1.2290139
0.23624124,-0.31394473,1.2290934
0.23622428,-0.3141467,1.2291037
0.23618726,-0.3144172,1.2293304
0.23614241,-0.31444335,1.2296288
0.23631568,-0.31467927,1.2297314
0.23633641,-0.3150682,1.2294865
0.23658134,-0.31524682,1.229449
0.23691548,-0.31563714,1.2295218
0.23714522,-0.31564453,1.2296457
0.23739846,-0.31606597,1.229761
0.23765633,-0.3164719,1.2298954
0.23763168,-0.3166373,1.230074
0.23785976,-0.3169286,1.2301757
0.23797736,-0.31689593,1.2301672
0.23819935,-0.31711036,1.2302744
0.23833975,-0.3174233,1.2303655
0.23863801,-0.31740654,1.2305433
0.23876959,-0.31761426,1.2305061
0.23883282,-0.31761992,1.2305077
0.23883085,-0.317601,1.2307336
0.23883715,-0.3178794,1.2308164
0.23912218,-0.31829908,1.2308133
0.23924258,-0.3185806,1.2308444
0.23916233,-0.31863713,1.2308073
0.23937729,-0.31873676,1.2308719
0.23927528,-0.31887865,1.2307986
0.23930486,-0.31878173,1.230808
0.23961094,-0.31908423,1.2308394
0.23959652,-0.31936315,1.2308795
0.23987599,-0.3196862,1.2309451
0.23952849,-0.31984314,1.2310404
0.2393703,-0.31954914,1.2308447
0.23932754,-0.31976363,1.2309651
0.2394054,-0.31981343,1.2309601
0.23944266,-0.32010108,1.2307913
0.23943134,-0.31988177,1.2307523
0.23939803,-0.31969738,1.2307725
0.23947491,-0.31956863,1.2308334
0.23943204,-0.31957597,1.2308838
0.23947625,-0.3195535,1.2309746
0.23930824,-0.31978178,1.231099
0.23945425,-0.31973124,1.231137
0.2396614,-0.31986916,1.2310354
0.23960873,-0.32007685,1.2310625
0.23970814,-0.32023278,1.231105
0.24000704,-0.3204821,1.2312021
0.23999712,-0.3206157,1.2310604
0.24007654,-0.32092574,1.2308325
0.23995753,-0.32093507,1.2308668
0.23991336,-0.3208665,1.2308296
0.23991272,-0.32104418,1.2306777
0.23998141,-0.3210914,1.2306926
0.240024,-0.3210804,1.2305486
0.24014293,-0.32117257,1.2305675
0.24019818,-0.3209442,1.2304947
0.24026993,-0.3207841,1.2304609
0.24009249,-0.32078972,1.2306352
0.2399925,-0.32056326,1.230763
0.24004088,-0.32034644,1.2308012
0.24006063,-0.32032204,1.2309899
0.240172,-0.32036746,1.230993
0.2401936,-0.32047784,1.2307922
0.24036981,-0.32059497,1.2308774
0.24047111,-0.32058474,1.2308004
0.24047852,-0.32071754,1.2309147
0.24034846,-0.32070136,1.2311252
0.24047355,-0.32066056,1.2310764
0.24061313,-0.32102504,1.2310629
0.24088216,-0.32094327,1.2306997
0.24072713,-0.32098123,1.230545
0.2407695,-0.32115293,1.2305111
0.24075456,-0.32123584,1.2305943
0.2409305,-0.32128695,1.2304794
0.24112298,-0.3212568,1.2304237
0.24118613,-0.32124743,1.2304975
0.24117126,-0.3211642,1.2306308
0.24141285,-0.3210964,1.230602
0.24138705,-0.32143208,1.2305983
0.24140416,-0.3214407,1.2304722
0.24145909,-0.32129717,1.2305593
0.2415835,-0.32128015,1.2307638
0.24179138,-0.32116327,1.2308604
0.24216327,-0.32141283,1.2308204
0.24248444,-0.32119596,1.2307715
0.24268825,-0.32126337,1.2308582
0.24289481,-0.32153705,1.2307628
0.24286546,-0.32141232,1.2308058
0.24317154,-0.32164946,1.2310007
0.2434613,-0.32166436,1.23089
0.24370232,-0.3221797,1.2310189
0.24393916,-0.32218695,1.2308786
0.2440845,-0.32222965,1.2310373
0.24401382,-0.32233098,1.2311519
0.2442496,-0.32251772,1.2312886
0.24457233,-0.32247758,1.2310257
0.24464288,-0.32255644,1.2309977
0.24514219,-0.32275894,1.2310867
0.24522251,-0.32286158,1.230897
0.24546112,-0.32318035,1.2309278
0.24566333,-0.32334983,1.2307743
0.24582174,-0.32358682,1.2307453
0.24593782,-0.32368293,1.230636
0.24617673,-0.3236728,1.2304099
0.24659705,-0.32378867,1.2302728
0.24675196,-0.3238492,1.2301745
0.24708985,-0.32421613,1.2300855
0.24688582,-0.3241037,1.2302605
0.24699324,-0.32431918,1.2305067
0.24737146,-0.3245031,1.2304989
0.24738143,-0.32458913,1.2304071
0.24767995,-0.324541,1.2302053
0.24808809,-0.32449517,1.2302079
0.24844396,-0.3245798,1.2302986
0.24868241,-0.32459733,1.2302352
0.24885994,-0.3247482,1.2301944
0.24893145,-0.3246683,1.2299994
0.24929999,-0.32477108,1.2300934
0.24950032,-0.32507288,1.2302463
0.24978219,-0.32519594,1.2305564
0.24979757,-0.3252341,1.230452
0.25002125,-0.3255515,1.2302954
0.25012568,-0.32562914,1.2303264
0.25046548,-0.3258434,1.2303953
0.250768,-0.32569072,1.2305561
0.25069767,-0.32578698,1.2304895
0.25062644,-0.3257288,1.2302989
0.2507579,-0.32580587,1.2301823
0.25117916,-0.3258905,1.2303813
0.2514526,-0.3259609,1.2303475
0.251802,-0.32587603,1.2304479
0.25183633,-0.32572585,1.2302974
0.252044,-0.3257618,1.2302413
0.25197223,-0.3256828,1.2302237
0.25224397,-0.3256494,1.229956
0.25243986,-0.32560542,1.2300001
0.25264314,-0.3256249,1.2299976
0.25279388,-0.32597646,1.2301168
0.253044,-0.3263387,1.2302692
0.25321102,-0.32653943,1.2303346
0.2534228,-0.32670566,1.2301815
0.2534186,-0.32656774,1.2301021
0.25362316,-0.32676554,1.2302246
0.2537559,-0.3270542,1.2300767
0.25381106,-0.3270948,1.2300024
0.25404203,-0.3270628,1.2301244
0.25428638,-0.32727253,1.2300656
0.25432786,-0.32726738,1.2299209
0.2544492,-0.32737827,1.2299995
0.25487697,-0.32745218,1.2296808
0.25538865,-0.32771564,1.2296628
0.25596327,-0.32797313,1.229578
0.25627187,-0.3282131,1.2294089
0.25632808,-0.32824165,1.229628
0.25674638,-0.32860315,1.2296247
0.2571302,-0.32879815,1.2295959
0.2575013,-0.32919475,1.2297121
0.2578367,-0.3295217,1.229764
0.25796038,-0.3295101,1.2297537
0.258128,-0.32942638,1.2295957
0.25831443,-0.32933414,1.2293807
0.25837234,-0.32956257,1.2295841
0.25845546,-0.3295973,1.2294331
0.2587781,-0.3297925,1.229507
0.25864568,-0.33004293,1.2293794
0.25873068,-0.32991666,1.2291372
0.25856087,-0.3301721,1.228946
0.2584789,-0.33005625,1.2289505
0.2584356,-0.3301141,1.228888
0.2584402,-0.32997653,1.2288188
0.2585344,-0.32995096,1.2289596
0.25862354,-0.32984054,1.2289003
0.25879118,-0.329889,1.228849
0.2587481,-0.32953846,1.2288843
0.25889552,-0.32938477,1.2288254
0.25902238,-0.32948056,1.2287796
0.2591774,-0.32930142,1.2286092
0.25892186,-0.32913688,1.2286868
0.2591643,-0.3292373,1.228527
0.25922027,-0.32915434,1.2284191
0.25934827,-0.32935777,1.2284682
0.2595414,-0.32930344,1.2284962
0.2595416,-0.32926744,1.22849
0.2592027,-0.3291626,1.2285247
0.25914055,-0.32909462,1.2288353
0.25925002,-0.32908896,1.2290286
0.25915805,-0.3290459,1.2290059
0.25890756,-0.329118,1.2288436
0.25878623,-0.3291068,1.2288007
0.258868,-0.3291371,1.2286549
0.25880024,-0.32920378,1.2287955
0.2587113,-0.32915485,1.2288661
0.25850502,-0.32917252,1.2291288
0.25831538,-0.32923287,1.2293912
0.25839108,-0.32915804,1.229243
0.25847843,-0.32892817,1.2290891
0.25868306,-0.32912105,1.229074
0.258772,-0.3290736,1.2291528
0.25845706,-0.3288158,1.2290454
0.25831446,-0.3287041,1.2288607
0.25818986,-0.32869467,1.2287866
0.2583253,-0.32860944,1.2288613
0.25833067,-0.32854116,1.2289174
0.25832513,-0.32831305,1.2288785
0.25851998,-0.32844582,1.2286752
0.25828966,-0.328459,1.2286075
0.25823212,-0.32846415,1.2286174
0.2580744,-0.3286981,1.2287633
0.2580741,-0.3284607,1.2287968
0.2580157,-0.328371,1.2287697
0.2577165,-0.32830843,1.228812
0.25773656,-0.32852632,1.2288222
0.2576423,-0.3283716,1.2290138
0.25761536,-0.32812172,1.2292762
0.2573749,-0.3280548,1.2294968
0.25741178,-0.3282157,1.2293689
0.25744718,-0.3280351,1.2291664
0.2573452,-0.32796445,1.229104
0.2572453,-0.327754,1.2290957
0.2571085,-0.3274476,1.2291106
0.2569217,-0.32729563,1.2290683
0.256982,-0.32728618,1.228898
0.25664225,-0.3268141,1.2290242
0.25649437,-0.32668725,1.2289724
0.2563804,-0.32656968,1.2287885
0.25640547,-0.3263272,1.2288142
0.256376,-0.3262784,1.2287673
0.2564053,-0.32610053,1.2287204
0.25612557,-0.326062,1.2286059
0.25591758,-0.32557133,1.2287679
0.2557464,-0.32530296,1.2287284
0.25548583,-0.32512492,1.2287046
0.25532338,-0.3251635,1.2288088
0.2551867,-0.3249702,1.2290895
0.25503862,-0.3247696,1.2288302
0.25499153,-0.32475898,1.2288976
0.2549196,-0.3246727,1.2289329
0.25500205,-0.32454062,1.2289817
0.2551199,-0.32441476,1.2289219
0.25517538,-0.32423547,1.2288942
0.25506434,-0.32418832,1.2289996
0.2549921,-0.32403442,1.2289747
0.25477928,-0.3240674,1.229142
0.2548712,-0.3241418,1.2291433
0.2549391,-0.3239684,1.2290766
0.25489432,-0.32387093,1.2290677
0.25464955,-0.32358053,1.229184
0.25460714,-0.3235742,1.2293068
0.25452802,-0.32342517,1.2293129
0.25453153,-0.32326782,1.2294447
0.25431386,-0.3232877,1.2294765
0.25389913,-0.32301784,1.2295172
0.2536231,-0.32263744,1.2294817
0.25331083,-0.32242134,1.2294775
0.25307363,-0.32220668,1.2295427
0.25290602,-0.32217902,1.2294818
0.2528333,-0.32188767,1.2293493
0.25249746,-0.32165876,1.229257
0.25242642,-0.32128677,1.2293193
0.25228125,-0.32088313,1.2293397
0.25217715,-0.32055825,1.2293442
0.2521619,-0.32044324,1.2293022
0.25192273,-0.3201112,1.2294242
0.25168806,-0.31981075,1.2293407
0.25156665,-0.31972194,1.2294797
0.25149587,-0.31976116,1.2296128
0.25134087,-0.31952208,1.229897
0.25115243,-0.31931618,1.2299831
0.25089216,-0.3190336,1.2298979
0.2506339,-0.3187759,1.2297868
0.25045624,-0.31859696,1.2298597
0.25024903,-0.31846514,1.2299727
0.25009915,-0.31820205,1.2300286
0.25007212,-0.31829804,1.2301064
0.25009,-0.3181802,1.229942
0.24995562,-0.31791112,1.2300103
0.24987417,-0.3178852,1.2299426
0.24972135,-0.31763968,1.2300808
0.24979663,-0.31747726,1.2299592
0.24954721,-0.3175503,1.2298814
0.2494673,-0.31738132,1.2299943
0.24940008,-0.3170736,1.2300048
0.24913879,-0.3167642,1.2298626
0.24887224,-0.3164644,1.2297558
0.2485054,-0.3162008,1.2296084
0.24810892,-0.31597874,1.2295948
0.24786672,-0.31580463,1.22975
0.24760278,-0.3157504,1.2298912
0.24735028,-0.31548584,1.2301296
0.24750602,-0.315491,1.2303256
0.24749818,-0.31531742,1.2303728
0.24733779,-0.31506878,1.230422
0.24726123,-0.31480038,1.2302161
0.24702889,-0.3146453,1.2302481
0.2469789,-0.31478715,1.2302247
0.24707523,-0.31466872,1.2299536
0.24687539,-0.31469074,1.2299534
0.24678423,-0.3146516,1.2299695
0.24639533,-0.3142872,1.2300359
0.2460619,-0.3140647,1.2300677
0.24585496,-0.31386876,1.2301849
0.24560197,-0.31354287,1.2303234
0.24544303,-0.31313258,1.2302169
0.24526675,-0.3128571,1.230411
0.24526808,-0.3127261,1.2302146
0.24521904,-0.31236818,1.2301583
0.24518201,-0.31204757,1.2301661
0.24512866,-0.31154773,1.2300818
0.24493705,-0.31125382,1.2298719
0.24469906,-0.3111407,1.2298094
0.24448448,-0.31104824,1.2297951
0.24474156,-0.31086177,1.2299266
0.24472111,-0.3108291,1.2298303
0.24463859,-0.31041408,1.2297664
0.24450411,-0.30999374,1.2294527
0.24443,-0.30995375,1.229465
0.24457645,-0.30957785,1.2295496
0.24433662,-0.3094728,1.2298263
0.24390443,-0.30916828,1.2301296
0.2436838,-0.30882677,1.2300534
0.24344301,-0.30876112,1.2301193
0.24334125,-0.30881885,1.2301219
0.243361,-0.3087367,1.2302536
0.24334283,-0.30858368,1.2304513
0.2431725,-0.30840155,1.2304503
0.24294014,-0.3082914,1.2305526
0.2430598,-0.30808452,1.2307159
0.24285698,-0.3078076,1.2307247
0.2425327,-0.3076921,1.2306302
0.24222799,-0.30739933,1.2306811
0.24233365,-0.30758208,1.2307262
0.2422424,-0.3076343,1.2306832
0.24227488,-0.3074979,1.2307098
0.24196611,-0.3073355,1.2307024
0.24187423,-0.30755585,1.2305365
0.2418737,-0.30733502,1.230384
0.24178085,-0.30741808,1.230491
0.24205567,-0.3070093,1.230501
0.24209216,-0.30696917,1.2302376
0.24187326,-0.3067484,1.2301326
0.24197078,-0.30674148,1.2299103
0.24181719,-0.3065485,1.2299942
0.24176943,-0.30624798,1.2299466
0.24163121,-0.3059508,1.2298768
0.24134257,-0.3055454,1.2299795
0.24131489,-0.30539823,1.2300775
0.24108924,-0.305202,1.230003
0.24118534,-0.30506328,1.2299024
0.24115227,-0.30487558,1.2298436
0.24101666,-0.30469152,1.2296883
0.24102229,-0.30457217,1.2297641
0.24124555,-0.3046498,1.2294973
0.24149655,-0.3045674,1.2295125
0.24167405,-0.30466765,1.2294306
0.2419209,-0.30454093,1.2292483
0.24200507,-0.3044156,1.2291229
0.24235773,-0.30436534,1.229144
0.24248026,-0.30440256,1.2290941
0.24233434,-0.30437565,1.2290471
0.24231826,-0.3043162,1.2290184
0.24219611,-0.3043203,1.2291911
0.24214153,-0.30449742,1.2290972
0.24209696,-0.3044379,1.2291195
0.2420436,-0.3042334,1.2292018
0.24187833,-0.30419716,1.2292176
0.24186471,-0.30421337,1.2291069
0.24179175,-0.30418214,1.2289371
0.24176367,-0.30421123,1.2287885
0.24192217,-0.3043129,1.2287798
0.24212459,-0.30463475,1.2287127
0.2422333,-0.30445874,1.2285813
0.24240185,-0.30448407,1.2283266
0.24243407,-0.30442634,1.2283934
0.24266611,-0.304621,1.228641
0.24274412,-0.30468455,1.2287791
0.24306083,-0.3044914,1.2287157
0.24326015,-0.30457586,1.2288364
0.24337453,-0.30474344,1.2289829
0.2435359,-0.30473602,1.2289652
0.24377684,-0.30463243,1.228854
0.24366863,-0.30451453,1.2288618
0.24373835,-0.30438533,1.2287847
0.24382444,-0.3040471,1.2286961
0.24401015,-0.30409658,1.2287993
0.2441412,-0.3042893,1.2287953
0.24405232,-0.30439508,1.2286869
0.24408564,-0.30446663,1.2285484
0.24396762,-0.304469,1.2284304
0.24414371,-0.30433407,1.2283019
0.2442748,-0.30433977,1.2281717
0.24449709,-0.304094,1.2281343
0.24483892,-0.30414474,1.2280523
0.24499543,-0.3041288,1.2279866
0.24505585,-0.30429253,1.2280028
0.24514776,-0.30434018,1.2282119
0.24535146,-0.30439433,1.2281185
0.24542567,-0.30459008,1.2280368
0.24531741,-0.30461732,1.2279717
0.24541095,-0.30462152,1.2279522
0.24540403,-0.3045362,1.2278934
0.24549034,-0.30477613,1.227931
0.24535479,-0.30468705,1.2280831
0.24527355,-0.3046184,1.2280039
0.2455339,-0.30469057,1.2281481
0.24558754,-0.30455273,1.2282618
0.24563397,-0.3046055,1.228038
0.24574646,-0.30466166,1.228117
0.24599676,-0.3045422,1.2278295
0.24591519,-0.30451632,1.2278264
0.24606156,-0.30440027,1.2276146
0.24630506,-0.30455163,1.2275782
0.2462496,-0.30457693,1.2275765
0.24634643,-0.3045997,1.2275964
0.24630876,-0.3048767,1.2276396
0.24638842,-0.30489668,1.2275568
0.24645178,-0.30476564,1.2274922
0.24630758,-0.30471423,1.2274648
0.24624336,-0.30486417,1.2274832
0.24633498,-0.30488002,1.2277409
0.2463545,-0.30501652,1.2277541
0.24630962,-0.30500752,1.2278082
0.24640352,-0.3050652,1.2278416
0.24663776,-0.30517408,1.2276818
0.24675138,-0.30507508,1.2274398
0.24683739,-0.30516246,1.2272451
0.24705432,-0.30516982,1.2272891
0.24738139,-0.30515742,1.2273523
0.24748148,-0.30503857,1.2274181
0.24776393,-0.3050939,1.2275329
0.24797945,-0.3048761,1.227284
0.24808894,-0.30485448,1.2274358
0.24822633,-0.3046418,1.2272743
0.24811158,-0.30452266,1.2272199
0.24816173,-0.30438375,1.2271287
0.24820444,-0.30417892,1.2270612
0.24840581,-0.30390197,1.2268817
0.24880521,-0.30390373,1.2267494
0.24904607,-0.30381486,1.2268605
0.24894153,-0.30358222,1.2267591
0.24892311,-0.3036267,1.2268143
0.24899192,-0.30370682,1.2268978
0.24923195,-0.3038326,1.2270086
0.24951245,-0.30389577,1.2268342
0.24981043,-0.3039974,1.2268376
0.24999368,-0.303769,1.2267345
0.25011683,-0.30416745,1.2265729
0.2504843,-0.303967,1.2265248
0.25068545,-0.30386436,1.2263962
0.25089744,-0.3038526,1.2263632
0.2512702,-0.30402958,1.2263057
0.25145325,-0.30379966,1.2260854
0.25172192,-0.30399805,1.2259886
0.2519498,-0.30398226,1.2257199
0.2521808,-0.3040462,1.2256573
0.2524915,-0.30415168,1.225546
0.25241855,-0.30445588,1.2254491
0.25272843,-0.30435884,1.2252679
0.2529576,-0.30442318,1.2252116
0.253279,-0.30438435,1.225227
0.25347045,-0.30474895,1.2251829
0.25367886,-0.30473983,1.224982
0.25392595,-0.3049829,1.224948
0.25408465,-0.30505368,1.225051
0.25428137,-0.30509815,1.225198
0.25426194,-0.30526912,1.22517
0.25406283,-0.30530223,1.2249471
0.25395927,-0.3052854,1.225015
0.2540634,-0.30537358,1.2249005
0.25406763,-0.30538735,1.2250168
0.2540554,-0.3052225,1.2249979
0.2542016,-0.30533943,1.2249972
0.25425908,-0.30557173,1.2251508
0.25427142,-0.3056239,1.2251998
0.25424668,-0.3054093,1.2251902
0.25411427,-0.3054626,1.225109
0.254051,-0.3056303,1.2252136
0.25393125,-0.30549398,1.2253553
0.25387964,-0.30546224,1.2254001
0.2538041,-0.30549523,1.2253972
0.25390965,-0.30550244,1.2252667
0.25383472,-0.30560103,1.225304
0.25357673,-0.3055798,1.2253913
0.25380924,-0.3055403,1.2251723
0.2538617,-0.30544809,1.225188
0.25380138,-0.30549276,1.2254953
0.2537138,-0.3056737,1.2255327
0.25357312,-0.3056768,1.2257539
0.25360397,-0.30560997,1.2257586
0.2538807,-0.30574957,1.2258322
0.25402632,-0.30598974,1.2258282
0.2540362,-0.3062445,1.225766
0.25396633,-0.30633855,1.2258108
0.25401697,-0.3064117,1.225885
0.25409248,-0.3062925,1.2260798
0.25406614,-0.30637327,1.2261848
0.25416857,-0.30643922,1.2259924
0.2540638,-0.30639273,1.2260224
0.2540934,-0.30645943,1.2259576
0.25408608,-0.3064436,1.2262104
0.2542536,-0.30635726,1.2260203
0.25402677,-0.30590802,1.2260337
0.25382632,-0.30555803,1.2260909
0.25377163,-0.30563304,1.2261403
0.2535432,-0.30568445,1.2261022
0.25358304,-0.30569032,1.2261357
0.25361001,-0.30560738,1.2261026
0.25371972,-0.30584154,1.2263008
0.2538344,-0.30617028,1.2261417
0.25395986,-0.3065839,1.2263007
0.2538723,-0.30671337,1.2261865
0.25391966,-0.3069509,1.2263142
0.25379202,-0.30711195,1.2261922
0.25380546,-0.30728403,1.2262553
0.25370964,-0.3076119,1.226264
0.25376657,-0.30775893,1.2265671
0.25381592,-0.30784854,1.226545
0.25394562,-0.3079518,1.2265892
0.2540292,-0.30822212,1.2264788
0.25432205,-0.30826703,1.2263591
0.25441867,-0.3085681,1.2263956
0.25455084,-0.3086058,1.2260566
0.25458497,-0.3085918,1.2262381
0.25462988,-0.30869263,1.2264291
0.25461593,-0.30882663,1.226436
0.2545941,-0.30886102,1.2265105
0.2545323,-0.3089284,1.226632
0.25456592,-0.3091197,1.2266114
0.25475058,-0.30918747,1.2265509
0.25496593,-0.30929014,1.2262868
0.25514212,-0.30966195,1.2262532
0.25538433,-0.30976817,1.226455
0.2556803,-0.31003696,1.2266179
0.25590783,-0.3101349,1.2267618
0.25614983,-0.3102724,1.2268289
0.25617418,-0.3104712,1.2267271
0.25631666,-0.31059137,1.2268738
0.2562646,-0.3107848,1.2268032
0.25629392,-0.31110784,1.2267255
0.25619948,-0.31123304,1.2268137
0.25631055,-0.31152695,1.2269224
0.2562959,-0.3118886,1.2268183
0.25640145,-0.31198487,1.2268628
0.25645426,-0.3123241,1.2267113
0.25667155,-0.31253037,1.2267802
0.25670996,-0.3126943,1.226942
0.2567521,-0.31280893,1.2271274
0.2566936,-0.31315106,1.2270693
0.25704983,-0.3134225,1.2270634
0.25698295,-0.31376055,1.2269669
0.25718346,-0.31394744,1.2269198
0.25713927,-0.3140581,1.2270522
0.25707704,-0.313959,1.2274188
0.2570145,-0.31413582,1.2275139
0.25697848,-0.31451434,1.2274185
0.25719094,-0.31477782,1.2274985
0.2574125,-0.3151028,1.2275681
0.25753638,-0.3153528,1.227414
0.25754735,-0.31552577,1.2273926
0.2575068,-0.31566104,1.2273203
0.2575902,-0.3159229,1.2273467
0.25777966,-0.31614822,1.2275524
0.25784516,-0.316364,1.2275281
0.2580911,-0.31664175,1.2274123
0.25790626,-0.31695968,1.2274431
0.25795197,-0.3172447,1.2273576
0.25804383,-0.31739017,1.2273768
0.25814354,-0.31723276,1.2273204
0.2582319,-0.31739572,1.2273153
0.25833002,-0.31766546,1.2272425
0.25820374,-0.31774557,1.2272141
0.25831196,-0.31801486,1.2270416
0.25834534,-0.3181258,1.2269572
0.25857925,-0.31815174,1.2267582
0.2585834,-0.318515,1.226784
0.2587897,-0.31890705,1.2268928
0.25891134,-0.3192279,1.2268842
0.25902814,-0.3198641,1.2267648
0.25899276,-0.3198836,1.2269193
0.25901848,-0.32015708,1.2267463
0.2589049,-0.320296,1.2267457
0.25906226,-0.32049036,1.2266403
0.2590655,-0.32066658,1.2266136
0.25917116,-0.3209188,1.2266047
0.25926286,-0.32107794,1.2265527
0.2592336,-0.3212802,1.226599
0.2591838,-0.32150775,1.2263641
0.25921905,-0.3218068,1.226315
0.25920874,-0.32198754,1.2265195
0.25959927,-0.32214698,1.2265737
0.25945485,-0.32248655,1.2266526
0.25938863,-0.32278138,1.2267399
0.25966045,-0.32310325,1.2265911
0.25962034,-0.32307574,1.226593
0.25959912,-0.3233656,1.2265962
0.25967503,-0.32322806,1.2266006
0.25975543,-0.32308987,1.2264926
0.26011747,-0.32310498,1.2265158
0.26003897,-0.32304546,1.2264868
0.26007092,-0.32310534,1.2263956
0.2602879,-0.32306045,1.2263049
0.2602154,-0.32313702,1.2261474
0.26039332,-0.32302842,1.2262276
0.26052377,-0.32297465,1.2263652
0.26039138,-0.32290706,1.2262809
0.2604382,-0.322977,1.2263258
0.26056045,-0.32307887,1.2264098
0.26033294,-0.3230288,1.2266212
0.2604897,-0.3230456,1.2266269
0.26065996,-0.32296878,1.2267715
0.2606738,-0.3227177,1.2266672
0.26078182,-0.32249615,1.2267128
0.26081866,-0.32200545,1.226728
0.2606547,-0.32196054,1.2268035
0.2609038,-0.3219605,1.2268744
0.26097852,-0.32180074,1.2270558
0.2608302,-0.32162657,1.2270129
0.2610383,-0.32172117,1.2272106
0.26114082,-0.32169488,1.227083
0.2613162,-0.32171333,1.2272623
0.26121616,-0.3214454,1.2273097
0.2610927,-0.32148325,1.2273494
0.2612136,-0.32134998,1.2272856
0.26109195,-0.32117006,1.2272793
0.26090747,-0.3213595,1.2274892
0.26108414,-0.32138023,1.2272705
0.26098844,-0.32150173,1.2273839
0.26086324,-0.32141432,1.2275103
0.26093793,-0.32136664,1.2275304
0.26090652,-0.32157534,1.2276485
0.26097155,-0.32150042,1.2275853
0.2612247,-0.32146063,1.227634
0.2610894,-0.32147893,1.2276095
0.26097178,-0.32130262,1.2276411
0.26081738,-0.32128364,1.2277571
0.26085958,-0.32104298,1.227837
0.26106974,-0.32086185,1.2279682
0.26111862,-0.32078853,1.2279465
0.26124987,-0.32077712,1.2278892
0.26143083,-0.32064563,1.2278796
0.26150876,-0.32072753,1.2278275
0.26153728,-0.32068893,1.228
0.26165769,-0.32073513,1.2279762
0.26173368,-0.32077637,1.22792
0.2617965,-0.3209183,1.2279468
0.26189575,-0.32093272,1.227909
0.26207402,-0.321099,1.2278279
0.26209837,-0.3213179,1.2276404
0.26217902,-0.32103342,1.22773
0.262233,-0.3209378,1.2278235
0.26200995,-0.32057774,1.2277987
0.2621864,-0.32059863,1.2279251
0.262448,-0.3204826,1.22807
0.26235443,-0.32023314,1.2282473
0.26236403,-0.32006526,1.2283461
0.26261616,-0.32015103,1.2284276
0.26270384,-0.3199381,1.2285063
0.26275852,-0.31989765,1.228376
0.26255468,-0.3198127,1.2284755
0.26258734,-0.3197405,1.2282805
0.26290148,-0.319612,1.2282695
0.26281095,-0.31960177,1.2281967
0.2628491,-0.31958178,1.22838
0.2628952,-0.31950742,1.2287093
0.26314437,-0.3192368,1.2287796
0.26306635,-0.31929678,1.2289053
0.26320776,-0.319192,1.2288582
0.26330796,-0.31935903,1.2288145
0.26299253,-0.31954986,1.2291204
0.26329303,-0.3195805,1.2290714
0.26343933,-0.31948462,1.2290689
0.26342344,-0.31924263,1.2288841
0.26332587,-0.31916142,1.2289866
0.26320344,-0.31910172,1.2289099
0.26291484,-0.319023,1.229021
0.26291683,-0.31926236,1.2290431
0.26296446,-0.31926057,1.2290245
0.26287562,-0.31936628,1.2291598
0.262916,-0.3193288,1.229145
0.26332715,-0.31961322,1.2291033
0.26319116,-0.31963477,1.2290313
0.26325524,-0.3195371,1.2289509
0.2634773,-0.31955016,1.2288607
0.2633414,-0.319718,1.22895
0.2635503,-0.31985822,1.229117
0.26368976,-0.3199883,1.2291667
0.26393595,-0.32017088,1.2294071
0.2641301,-0.32004592,1.2293043
0.26432124,-0.3201674,1.229274
0.26434866,-0.32018986,1.2294295
0.2644003,-0.3201333,1.2293785
0.26475134,-0.32035214,1.2293934
0.2649089,-0.32022712,1.2292445
0.26496756,-0.32017818,1.2290683
0.26495498,-0.32004347,1.2290354
0.2650938,-0.31997013,1.2291889
0.26528025,-0.32019654,1.229325
0.26550463,-0.3202393,1.2296673
0.2656896,-0.32019758,1.2295542
0.26589724,-0.32032132,1.2296036
0.2660718,-0.3202461,1.2296551
0.26626405,-0.32009935,1.2297397
0.26625144,-0.31978083,1.2296164
0.2663993,-0.3195521,1.2295886
0.26661325,-0.3194718,1.2296674
0.2667791,-0.31955442,1.2298064
0.26703826,-0.3195592,1.2299173
0.26722637,-0.31943431,1.2299461
0.26741853,-0.3193844,1.2300943
0.26754618,-0.3195636,1.2301904
0.2674245,-0.31936124,1.2302746
0.267554,-0.31968558,1.2303742
0.26787212,-0.3199247,1.2304516
0.26823542,-0.31999183,1.2305208
0.26830173,-0.3198036,1.2305052
0.2684064,-0.31978145,1.2305831
0.26845643,-0.32003576,1.2306592
0.26852536,-0.31986427,1.2306974
0.26840705,-0.31958047,1.2308332
0.26845738,-0.31929418,1.2307748
0.26873705,-0.3193519,1.2307717
0.26869932,-0.31919375,1.2310324
0.2687113,-0.3191078,1.2312293
0.2688137,-0.31890288,1.231313
0.26888418,-0.31883642,1.2313858
0.2692148,-0.31885388,1.2313126
0.2694214,-0.3187245,1.2312436
0.26943833,-0.3188401,1.231251
0.26935068,-0.31875896,1.2311991
0.26940107,-0.31865278,1.2311006
0.2696385,-0.31872705,1.231056
0.26981682,-0.31887943,1.2311656
0.2698684,-0.31893328,1.2313898
0.26988995,-0.3190361,1.2312909
0.26991275,-0.31907144,1.2311461
0.26992363,-0.31934914,1.231071
0.2699394,-0.31921503,1.2310414
0.27010342,-0.3192507,1.2311865
0.27025276,-0.31927446,1.231357
0.27018043,-0.3190483,1.2311758
0.27033916,-0.3191323,1.231235
0.27039218,-0.31902912,1.2312312
0.27046737,-0.31915125,1.2310439
0.27044633,-0.31915882,1.2311289
0.27029634,-0.3189867,1.2312106
0.27027467,-0.3188346,1.2313691
0.270391,-0.3184368,1.2313168
0.2704319,-0.3182836,1.2314099
0.2704038,-0.3178702,1.231345
0.2703362,-0.31765348,1.2311894
0.27057546,-0.3178301,1.2313327
0.27056912,-0.31772944,1.2314732
0.2706797,-0.31757614,1.2314289
0.27051082,-0.31723028,1.2313995
0.2703804,-0.31735432,1.2315986
0.27066532,-0.31730735,1.2317107
0.27066094,-0.31737885,1.2318047
0.27084786,-0.31723514,1.231887
0.27089652,-0.31728575,1.2318344
0.27111208,-0.31707257,1.2319093
0.27106598,-0.31708908,1.2319822
0.2708448,-0.3169463,1.2320129
0.27061522,-0.31648105,1.2321109
0.27053687,-0.31617883,1.2321533
0.27045056,-0.31595522,1.2321763
0.27049097,-0.31560642,1.2320777
0.27042517,-0.3152214,1.231926
0.2704296,-0.31488964,1.2315807
0.27070397,-0.31494868,1.231561
0.2709477,-0.3150553,1.2314435
0.27128506,-0.31516463,1.2314516
0.27135855,-0.31510064,1.2313455
0.27133113,-0.31499723,1.2314328
0.2715458,-0.31495696,1.2316628
0.2716388,-0.3145313,1.2317252
0.27174065,-0.31438318,1.2317786
0.2719628,-0.3142782,1.2317302
0.27213094,-0.31414104,1.2315522
0.2723018,-0.31410384,1.23175
0.2725982,-0.3139552,1.2317734
0.27277967,-0.31377724,1.2317052
0.27275464,-0.3135914,1.2317154
0.2727483,-0.31357113,1.2317551
0.27275893,-0.31360212,1.23171
0.27278957,-0.31350547,1.2315708
0.27293363,-0.31346753,1.23144
0.2730697,-0.31330925,1.2312626
0.2731012,-0.31334633,1.2312851
0.27329063,-0.3130779,1.2312363
0.27316135,-0.31292605,1.2311201
0.27323022,-0.31284663,1.2311053
0.27343768,-0.3128301,1.2312499
0.27340052,-0.31253082,1.2310966
0.27355182,-0.31223714,1.2310706
0.273571,-0.31218368,1.2309791
0.27353787,-0.31202632,1.2311008
0.2732981,-0.31192064,1.2312995
0.27346972,-0.3116476,1.231288
0.27341658,-0.31177422,1.2314363
0.27333927,-0.3118545,1.2313919
0.27330905,-0.31160602,1.2314272
0.27324012,-0.31136724,1.2314192
0.2731168,-0.31132263,1.2314936
0.27315772,-0.3112102,1.2314652
0.27302438,-0.3110775,1.2314657
0.2730868,-0.31093714,1.2313979
0.27288538,-0.31085902,1.2315522
0.27293435,-0.31089854,1.2316489
0.27276045,-0.31054968,1.231636
0.27287984,-0.31055456,1.2315764
0.27309915,-0.31010744,1.2316003
0.2732908,-0.31016514,1.2314398
0.27339572,-0.31012997,1.231555
0.2735892,-0.30983135,1.2314546
0.27388918,-0.3097783,1.2316751
0.27387664,-0.30967453,1.2317736
0.27395102,-0.3096437,1.2317616
0.27399707,-0.309674,1.2318639
0.27405488,-0.3094437,1.23178
0.27389875,-0.30917403,1.2317656
0.2738389,-0.30919236,1.2316866
0.2739158,-0.30925703,1.2316369
0.2742017,-0.3095744,1.2315582
0.2743006,-0.30944413,1.2316817
0.27432188,-0.3092759,1.2317117
0.27425632,-0.30927506,1.2317353
0.2743499,-0.30914155,1.2318186
0.2742821,-0.30897352,1.2318243
0.27439365,-0.30866203,1.2319233
0.27479225,-0.30852464,1.2320838
0.27477667,-0.30822116,1.2322913
0.27487308,-0.30823323,1.2323847
0.27480406,-0.30801606,1.2324145
0.27490565,-0.3078543,1.2325659
0.27516374,-0.30790368,1.2325658
0.27511185,-0.30792865,1.2325237
0.27517226,-0.3079664,1.2326627
0.27531707,-0.3077889,1.2325981
0.27511236,-0.30760932,1.2327275
0.2752587,-0.30752861,1.2326704
0.2752895,-0.3070349,1.2329803
0.27522722,-0.30681247,1.2327608
0.27533838,-0.3068986,1.2326819
0.27515906,-0.30709726,1.2327739
0.27543065,-0.30702698,1.2327658
0.27566034,-0.30688837,1.232584
0.2757753,-0.30664665,1.2324612
0.2756979,-0.30653584,1.2324193
0.2758456,-0.30650955,1.2322974
0.27596676,-0.30643728,1.2324822
0.2757924,-0.30628884,1.2325164
0.27604985,-0.30627298,1.232452
0.27612102,-0.30622053,1.2324845
0.27606222,-0.30617383,1.2324055
0.27619818,-0.3059915,1.2325754
0.27622002,-0.30603448,1.2325828
0.27606237,-0.30583763,1.2324492
0.2761415,-0.30566016,1.2323965
0.2763091,-0.30561718,1.2324098
0.27641964,-0.30560306,1.2323635
0.2763075,-0.30564103,1.2324804
0.27639112,-0.3055899,1.2323644
0.27636293,-0.3055656,1.2324035
0.27617776,-0.30537462,1.2326523
0.2762661,-0.30538625,1.2326106
0.27614442,-0.30547816,1.2326607
0.2763691,-0.30539465,1.2325497
0.2762911,-0.3053836,1.2325447
0.27635553,-0.30500963,1.2325422
0.27665153,-0.3047471,1.2326101
0.27692562,-0.30452532,1.2326347
0.2771703,-0.30461714,1.2327089
0.2772166,-0.30458727,1.2326659
0.27745634,-0.30451518,1.2328222
0.2776677,-0.30461875,1.232683
0.27790475,-0.3048535,1.232788
0.27787068,-0.30488342,1.2326497
0.27784324,-0.30487978,1.2325354
0.2780296,-0.30504727,1.2325048
0.27824256,-0.30510685,1.2326
0.2782608,-0.30524358,1.2325608
0.27840096,-0.3053396,1.2327224
0.27853212,-0.30556548,1.2326938
0.27860463,-0.30569002,1.2329003
0.27859634,-0.30580196,1.2329595
0.27857554,-0.30629802,1.2329208
0.2787462,-0.30639073,1.2328784
0.27896452,-0.3062713,1.2327005
0.27918476,-0.30683967,1.2326998
0.27911377,-0.30696663,1.2328368
0.27922466,-0.30704978,1.2326765
0.27939832,-0.30698818,1.2326802
0.27952105,-0.30714652,1.2325786
0.27915487,-0.3072155,1.2326151
0.27913448,-0.30738488,1.2326251
0.27943188,-0.3073498,1.232578
0.27951548,-0.30743092,1.2327706
0.27944142,-0.3075096,1.2329111
0.2794103,-0.3077862,1.232714
0.2793058,-0.30782703,1.2325382
0.27933773,-0.3078207,1.2327118
0.2793802,-0.30765504,1.2328857
0.27946386,-0.30784273,1.232937
0.27940452,-0.3075327,1.2328017
0.2793918,-0.30756447,1.2327191
0.2796089,-0.30774662,1.2327818
0.27975258,-0.30782914,1.2329022
0.2798576,-0.30768865,1.2328393
0.28010073,-0.30808976,1.2329024
0.2805105,-0.3082574,1.232894
0.28072912,-0.308352,1.2327676
0.280803,-0.30872944,1.2328014
0.28101993,-0.30878398,1.2326149
0.28095233,-0.30885243,1.2326771
0.28103653,-0.30895144,1.2325968
0.28097042,-0.30878028,1.2326593
0.28107968,-0.30892897,1.2326735
0.28122008,-0.3089012,1.2325975
0.2812051,-0.3088834,1.2325041
0.28134227,-0.3088949,1.2322998
0.28149953,-0.30889094,1.2323251
0.281526,-0.3089985,1.2325068
0.2816176,-0.30913806,1.2325389
0.28153053,-0.3092568,1.2325855
0.28159308,-0.3091017,1.2325542
0.28157663,-0.30898303,1.2324966
0.28157416,-0.30893853,1.232551
0.2817841,-0.30896965,1.2327031
0.28168997,-0.3091819,1.2327205
0.2816907,-0.30927423,1.2326487
0.28172886,-0.3092313,1.2326871
0.2816602,-0.3091804,1.2328306
0.28158048,-0.30924422,1.2327789
0.28148374,-0.3090756,1.2327315
0.28149742,-0.30884826,1.2326702
0.28152987,-0.30859658,1.2326325
0.28149855,-0.30861795,1.2325597
0.28144044,-0.30842084,1.2323639
0.28148437,-0.30829626,1.2322662
0.2815489,-0.30830422,1.2321012
0.28157124,-0.3081829,1.2322009
0.2817721,-0.30824518,1.2320776
0.2818098,-0.3082243,1.2323269
0.28189155,-0.3080174,1.2323387
0.28201574,-0.3079805,1.2322208
0.2819876,-0.3081566,1.2323511
0.28216746,-0.308213,1.2320633
0.28236213,-0.30808884,1.232086
0.28228897,-0.3083121,1.2320867
0.28225368,-0.3084907,1.2319959
0.28222096,-0.3083153,1.232034
0.28233227,-0.3083015,1.2320119
0.28224283,-0.3082315,1.2318767
0.28191108,-0.30833086,1.2319196
0.28187013,-0.30812883,1.2319953
0.28197095,-0.30800912,1.2319127
0.28209573,-0.30794472,1.231996
0.2820293,-0.30773765,1.231986
0.28204322,-0.30762377,1.2316699
0.28189275,-0.30755547,1.2315848
0.2817563,-0.30750233,1.2316859
0.2818253,-0.3075446,1.231633
0.28186175,-0.3074504,1.2314656
0.28189492,-0.3075192,1.2314979
0.2819072,-0.30732602,1.2314835
0.28177965,-0.3073227,1.2313557
0.2817048,-0.3073397,1.2315203
0.28162542,-0.30723968,1.231563
0.28168204,-0.30715278,1.2314556
0.2816086,-0.30719733,1.2314999
0.28152132,-0.30716026,1.2314827
0.28150177,-0.30723336,1.2315183
0.28167015,-0.30717283,1.2316058
0.28172192,-0.30723602,1.2314402
0.28174937,-0.30724713,1.2313973
0.28170222,-0.30716258,1.2317052
0.28172103,-0.30683914,1.231639
0.2818339,-0.30664673,1.2315067
0.28204918,-0.30684587,1.2312905
0.28206187,-0.30660266,1.2312727
0.28210998,-0.30659032,1.2313439
0.28195804,-0.30651748,1.2312317
0.28200868,-0.30634046,1.2311966
0.28190958,-0.30625805,1.231028
0.28177413,-0.30623004,1.2309883
0.28178763,-0.30621764,1.2311924
0.28175405,-0.30618158,1.2310367
0.28157946,-0.30583173,1.2310838
0.28141332,-0.3059236,1.2310872
0.2813073,-0.3057373,1.2310938
0.28108075,-0.30555516,1.2311164
0.2809146,-0.30541417,1.231174
0.28083694,-0.3054261,1.2312223
0.2806758,-0.305313,1.2311774
0.2806718,-0.30531034,1.2309618
0.28067976,-0.30518726,1.2308578
0.28055778,-0.3051678,1.2309103
0.28050974,-0.30515435,1.2308536
0.28051728,-0.3048133,1.230872
0.28063002,-0.30471456,1.2308472
0.28065297,-0.30459526,1.2307547
0.28060699,-0.30468607,1.2307103
0.28035915,-0.30451024,1.2308165
0.28039786,-0.3044108,1.230587
0.28083253,-0.3044571,1.2305768
0.28089312,-0.30456463,1.2305111
0.28098363,-0.30445716,1.2305453
0.28105485,-0.30458295,1.2305334
0.2809762,-0.30446905,1.2305061
0.28099072,-0.3045237,1.2303716
0.28094015,-0.3045036,1.2303349
0.28085518,-0.30452496,1.230398
0.2809717,-0.30453852,1.2304081
0.28077358,-0.30452624,1.2302313
0.28051874,-0.30433616,1.2302426
0.2808062,-0.30436185,1.2302536
0.28084797,-0.3042423,1.2303548
0.28099328,-0.30403852,1.2303993
0.28090468,-0.3040459,1.2304288
0.28081423,-0.3039539,1.2305454
0.2806634,-0.3039609,1.2305412
0.2807134,-0.303927,1.2305691
0.2807586,-0.3039037,1.2305452
0.28056282,-0.30384192,1.2306167
0.28068516,-0.3040226,1.2305311
0.28072575,-0.30429512,1.23061
0.28069827,-0.30454487,1.230519
0.28055537,-0.3046919,1.2307997
0.2806749,-0.3048534,1.2310114
0.28081635,-0.30494025,1.2310288
0.28077918,-0.30497858,1.2311028
0.2806808,-0.3049615,1.2312407
0.28061146,-0.3050705,1.2312188
0.28061482,-0.30516848,1.2313167
0.2805899,-0.30510846,1.2312498
0.28047338,-0.3051794,1.2314113
0.28039652,-0.30502883,1.2312499
0.28041682,-0.30489007,1.2310975
0.28026605,-0.30478045,1.2310833
0.28022683,-0.3045091,1.2310185
0.2801649,-0.30437085,1.2311474
0.27996,-0.30433315,1.2311691
0.27993456,-0.30424684,1.2311381
0.27991873,-0.30428016,1.2312964
0.28004247,-0.30432457,1.2310677
0.28001145,-0.30437723,1.2310202
0.28014562,-0.30445415,1.2311581
0.28023657,-0.30424544,1.2312301
0.28013533,-0.3041118,1.2312803
0.2800236,-0.303907,1.2311461
0.27976376,-0.30375272,1.2311143
0.2798605,-0.30371433,1.2311152
0.27975652,-0.3037897,1.231099
0.27974862,-0.30386472,1.2311472
0.27959952,-0.30367747,1.2309996
0.27949196,-0.30344415,1.2309054
0.27953038,-0.30371216,1.2310138
0.2792617,-0.3034024,1.230931
0.27914956,-0.3030455,1.2310236
0.27910566,-0.30322626,1.2311047
0.27900264,-0.30312672,1.2310394
0.2790098,-0.30311063,1.2308425
0.27896252,-0.3032803,1.2308056
0.278896,-0.30338135,1.2305543
0.27885976,-0.30339453,1.2306412
0.2788436,-0.3031204,1.2305807
0.2787337,-0.3032493,1.2306964
0.2785473,-0.30275297,1.2307059
0.2783435,-0.30272198,1.2305601
0.2782396,-0.30252,1.2308418
0.27824992,-0.3024914,1.2311159
0.27807269,-0.30227768,1.2311734
0.2781268,-0.30227783,1.2312245
0.27799103,-0.3021833,1.2310618
0.27793112,-0.3019262,1.2310995
0.27784017,-0.3020131,1.2312089
0.2777264,-0.30183387,1.2314917
0.27771053,-0.30185896,1.2317795
0.2776975,-0.30183864,1.2318441
0.2776795,-0.30182293,1.2321178
0.27759957,-0.30192,1.2322979
0.27760568,-0.30173382,1.2323083
0.2775499,-0.30166957,1.2322251
0.27762648,-0.30176377,1.232419
0.27769962,-0.30170807,1.2323079
0.2775719,-0.30172575,1.2324771
0.27745682,-0.30164137,1.2323762
0.2773431,-0.30185685,1.232174
0.2771715,-0.3016989,1.2324138
0.27703884,-0.30161855,1.2326356
0.27709663,-0.30164242,1.2326456
0.27693793,-0.30136266,1.2325637
0.2769197,-0.3013667,1.2326602
0.27716035,-0.30139977,1.2325131
0.27712303,-0.30136204,1.2324166
0.2771173,-0.30141938,1.2324836
0.27712825,-0.3013338,1.232717
0.27719405,-0.30131724,1.2326969
0.27717853,-0.30101383,1.232564
0.27704853,-0.3007743,1.2326216
0.27720943,-0.3008107,1.2326074
0.27714223,-0.30116582,1.2326686
0.27706885,-0.3010384,1.2326989
0.27719486,-0.3008682,1.2325076
0.27729237,-0.30078685,1.2323927
0.27722898,-0.3008815,1.232213
0.27727908,-0.30101645,1.2321061
0.27718845,-0.30100772,1.2323005
0.27711362,-0.30090258,1.2323946
0.27725852,-0.30085623,1.2323312
0.27728695,-0.30082643,1.2325269
0.2772253,-0.30070338,1.2323575
0.2772224,-0.30040488,1.232311
0.2771857,-0.30049455,1.2322512
0.27715418,-0.30035084,1.2320235
0.27686852,-0.30019504,1.2321005
0.27662903,-0.3003536,1.2320311
0.27649444,-0.30034962,1.2322754
0.2764909,-0.30025035,1.2321041
0.27646875,-0.3004142,1.2321972
0.27654842,-0.3005845,1.232156
0.27663222,-0.30065852,1.2320793
0.27670366,-0.3006646,1.2319552
0.2766154,-0.3005168,1.2320234
0.27663565,-0.30059618,1.2320198
0.27676764,-0.300816,1.2321054
0.27676436,-0.30092433,1.2320073
0.2765934,-0.30066687,1.2317921
0.27656272,-0.30064595,1.2320564
0.27665973,-0.30062026,1.2321013
0.27672517,-0.30052152,1.2321784
0.2769232,-0.30066058,1.232258
0.27710804,-0.30061772,1.2323456
0.27732885,-0.30080283,1.2324133
0.27753693,-0.3007708,1.232495
0.27769136,-0.30065748,1.2324988
0.27813435,-0.30071154,1.2326809
0.27842954,-0.30089593,1.2328058
0.27854112,-0.30079043,1.2328389
0.27888158,-0.30088976,1.2328756
0.2791506,-0.30091143,1.2329409
0.27922848,-0.30093887,1.2330006
0.2793146,-0.30079266,1.2329485
0.27959192,-0.3006901,1.232936
0.2798317,-0.3010555,1.2329698
0.2799036,-0.3013329,1.2329863
0.28008628,-0.3016715,1.233082
0.28017282,-0.30157506,1.2330889
0.2802012,-0.30168438,1.2331501
0.28045282,-0.3018061,1.23298
0.28074938,-0.30178902,1.2329881
0.28090525,-0.30177158,1.2330685
0.28085336,-0.30188897,1.2330481
0.28122902,-0.3019343,1.2332236
0.28129214,-0.30194727,1.2332809
0.28137589,-0.30195293,1.2333452
0.28156978,-0.30183232,1.2333648
0.2817148,-0.30198258,1.2333646
0.28194824,-0.3019626,1.2333702
0.28204638,-0.30187485,1.2334187
0.28208724,-0.30182976,1.2333448
0.2822109,-0.30197486,1.2334262
0.2825448,-0.3020282,1.2334857
0.28265324,-0.30207926,1.2335557
0.2826028,-0.30193046,1.2335188
0.2826289,-0.3018966,1.2333039
0.2826858,-0.30199036,1.233369
0.28295636,-0.30208224,1.2333051
0.28302205,-0.30202207,1.2333629
0.283037,-0.30189136,1.2335722
0.28338212,-0.30201742,1.2334267
0.28329563,-0.30219018,1.2333982
0.28337103,-0.3023649,1.2333192
0.2834434,-0.30227405,1.2332923
0.28348747,-0.3023233,1.233414
0.28357586,-0.30246934,1.233322
0.28365418,-0.30244666,1.233307
0.28377122,-0.30252472,1.2333891
0.28386602,-0.302799,1.2335134
0.28405166,-0.30294925,1.2336445
0.28408936,-0.30281872,1.2335755
0.28414848,-0.30309016,1.2337607
0.284566,-0.30322963,1.2336137
0.28467017,-0.3032332,1.2336742
0.28469023,-0.3034271,1.2338631
0.28486148,-0.30358088,1.2338029
0.28492048,-0.30381837,1.2336787
0.28525147,-0.30434364,1.2336415
0.2854014,-0.30439386,1.2338539
0.28557342,-0.30476984,1.2339096
0.28567347,-0.30519602,1.233918
0.28607348,-0.3054063,1.2340822
0.28613138,-0.3054295,1.2340358
0.28631666,-0.30536878,1.2338843
0.28646338,-0.30531308,1.2339807
0.28670427,-0.30542284,1.2341783
0.2868879,-0.3053664,1.23418
0.28704235,-0.30528796,1.2340301
0.28674608,-0.30543503,1.2341183
0.28692386,-0.3056945,1.2341728
0.28711691,-0.30588093,1.2340786
0.2874391,-0.3058497,1.2338568
0.28737265,-0.30568174,1.2339888
0.28740552,-0.30562654,1.2337546
0.28730974,-0.30575895,1.2336651
0.28735816,-0.30587554,1.2336946
0.2874211,-0.3060733,1.2337421
0.2876997,-0.30609006,1.2338005
0.28789243,-0.30625972,1.2338771
0.2879455,-0.306331,1.2340525
0.2880115,-0.30643463,1.2339398
0.28807867,-0.30655366,1.2340966
0.2883398,-0.30667427,1.2340113
0.28843495,-0.3065277,1.2340261
0.2883681,-0.30634564,1.2340443
0.2885836,-0.30634904,1.2340246
0.28851885,-0.3065282,1.234286
0.2885487,-0.3067912,1.2343225
0.28883925,-0.3071186,1.2342901
0.28896236,-0.30718914,1.2343454
0.28899634,-0.30694637,1.2344111
0.28907996,-0.30697635,1.2343975
0.28916734,-0.30721354,1.2343935
0.28925756,-0.30708528,1.2343985
0.28950667,-0.307024,1.2344826
0.28991714,-0.30725873,1.2344298
0.29009435,-0.30711904,1.2342715
0.2901948,-0.30723435,1.2343215
0.29060435,-0.30756265,1.2342802
0.2907633,-0.3077008,1.2344046
0.29086983,-0.3077238,1.2344031
0.29097214,-0.30786392,1.2344533
0.29124013,-0.30834803,1.2343013
0.29129922,-0.30847222,1.2342744
0.29163045,-0.30882418,1.2344867
0.29204142,-0.3090784,1.2343789
0.29218584,-0.30924028,1.234441
0.29231462,-0.30927688,1.234353
0.29272175,-0.30965105,1.2345195
0.2928802,-0.30980322,1.2343858
0.29312906,-0.31007305,1.2344356
0.2932406,-0.3099435,1.2344651
0.29339537,-0.30994454,1.2345113
0.2935271,-0.31004247,1.2348678
0.29390174,-0.31026793,1.2350835
0.29394692,-0.31029743,1.2350863
0.29403862,-0.31052613,1.2351305
0.29435778,-0.3106303,1.2352742
0.29458317,-0.3106735,1.2351913
0.29508066,-0.31081474,1.2351894
0.2955512,-0.31107333,1.2352023
0.2956893,-0.31112018,1.2352993
0.29593527,-0.31134987,1.2352437
0.2961157,-0.31147656,1.235203
0.2962029,-0.31186664,1.235371
0.29649326,-0.31193504,1.2352153
0.29668587,-0.31233895,1.2351458
0.29665205,-0.3124853,1.2350664
0.2967743,-0.31241593,1.2351316
0.2966524,-0.3124195,1.2351862
0.2968426,-0.31237036,1.2350355
0.29692477,-0.3124525,1.2349981
0.297194,-0.31265923,1.2349757
0.2973802,-0.3126379,1.2350595
0.29764593,-0.31281272,1.2352104
0.29792225,-0.31295332,1.2354654
0.29809487,-0.31297943,1.2354653
0.29843858,-0.31305745,1.2356664
0.29879662,-0.3130546,1.2358891
0.2990361,-0.31314906,1.2358403
0.29920268,-0.31326622,1.2357506
0.29935873,-0.31339654,1.2358629
0.29947713,-0.3135381,1.2358985
0.2996983,-0.31361905,1.236107
0.2997951,-0.31368408,1.2365004
0.2999135,-0.3138181,1.2365768
0.29996398,-0.31401834,1.2367301
0.30001637,-0.31420106,1.2368873
0.30016336,-0.31430805,1.2370309
0.30043346,-0.31439564,1.2372875
0.30074686,-0.31431833,1.2373255
0.30092973,-0.31447443,1.2374585
0.30146226,-0.314535,1.2373799
0.3017147,-0.31455937,1.2373422
0.30197975,-0.31468394,1.2373148
0.302098,-0.3147239,1.2371997
0.30242676,-0.31503317,1.2369674
0.30276558,-0.31524613,1.2370207
0.30302,-0.3152307,1.2369626
0.30324835,-0.3153026,1.2370298
0.30322537,-0.3154561,1.2370074
0.3031428,-0.3155145,1.2370332
0.3030167,-0.31530204,1.2372086
0.30307692,-0.3156773,1.237358
0.3032462,-0.31588024,1.237189
0.3031943,-0.31593788,1.2372423
0.303226,-0.3158238,1.2373683
0.30328587,-0.31572828,1.2372905
0.3032857,-0.3156991,1.237342
0.30343208,-0.31587178,1.2374738
0.30352697,-0.31563532,1.2374693
0.30365613,-0.3157412,1.2373438
0.30559415,-0.32031214,1.2391127
0.33768243,-0.37002644,1.2933285
0.4733018,-0.40018743,1.3126379
0.46453556,-0.13080557,1.2374085
0.26432133,0.26587903,1.2832997
0.104558855,0.78669006,1.4298463
-0.070645355,1.1695772,1.7044195
-0.19356811,1.7505468,2.10759
-0.23947029,2.110661,2.4717689
-0.18656784,2.3360426,2.7884839
-0.0687903,2.4333034,2.996251
-0.35615757,2.3552895,2.9081595
-1.0748907,1.1777308,1.768277
-0.45180547,-0.15129527,0.4463509
-0.47994682,-0.054356348,0.502465
-0.9574232,1.3192983,1.7285599
-0.34213325,2.4521234,2.6189394
-0.45119742,2.3304405,2.7307072
-1.1558447,0.8584527,1.5687441
-0.8625041,-0.10042194,0.70702416
-0.87888986,0.39472926,1.2790406
-0.7335468,0.77996945,1.8139616
-0.63412493,0.8855629,1.9108833
-0.62220985,0.9182667,1.9990182
-0.67449635,0.83335394,1.9914665
-0.6194518,0.8160857,1.9637082
-0.6497295,0.5882492,1.8815879
-0.61460537,0.30946606,1.8519162
-0.5634466,0.30074635,1.8549542
-0.5731717,0.21217068,1.8489689
-0.60669065,0.026231747,1.7874779
-0.60924363,-0.29981744,1.6116767
-0.57245773,-0.7574442,1.3465562
-0.4738752,-1.030526,1.2041608
-0.46489623,-1.037402,1.1878132
-0.55306804,-0.5769857,1.3231665
-0.56425333,0.15645,1.5714301
-0.5341617,0.8119586,1.7703569
-0.45540828,1.3718157,1.876224
-0.45732787,1.8813366,1.9481527
-0.440306,2.1419349,2.063569
-0.48414415,2.1111774,2.1363838
-0.73312014,1.7738163,2.1463013
-0.93987334,0.91891336,1.7417545
-0.93406445,0.13656761,1.4010376
-0.8799242,-0.32166427,1.2601011
-0.79974604,-0.828598,0.9083916
-0.7690226,-0.9414696,0.7949917
-0.73246145,-1.0634279,0.6317052
-0.75084037,-1.1295297,0.47466192
-0.7739069,-1.149636,0.35425213
-0.7371693,-1.1647944,0.18429725
-0.7665918,-1.1642847,0.028309356
-0.8918747,-1.1414284,-0.005946317
-1.0994365,-1.0056139,0.06484363
-1.3193781,-0.5110773,0.5372464
-1.2830892,0.73539037,1.7821561
-1.0430436,1.2763321,2.3241787
-1.1365719,1.2610066,2.3395023
-1.3497423,0.8169231,1.9128444
-1.3145347,-0.7574539,0.26618585
-0.92122185,-1.1374553,-0.16919753
-0.5687673,-1.1640166,-0.24057466
-0.27236208,-1.1673182,-0.25263816
-0.08447387,-1.1826495,-0.25897545
-0.09135671,-1.2059022,-0.24868222
-0.48238918,-1.1475146,-0.19316301
-0.7773274,-1.0815355,-0.12159639
-1.0969684,-0.89027095,0.09316058
-1.312431,0.013027876,1.0333048
-1.2229956,0.93952966,1.9858266
-1.0490155,1.3374798,2.3979766
-1.213324,1.2917331,2.4210627
-1.4716798,0.32116693,1.4709201
-1.2664517,-1.1698765,-0.046943825
-0.94723964,-1.3007588,-0.20211977
-0.6195484,-1.3387209,-0.26228607
-0.44183052,-1.3396873,-0.28355184
-0.39904118,-1.3307731,-0.2803056
-0.6588542,-1.2862133,-0.25860286
-1.0488285,-1.2009758,-0.19521493
-1.4269317,-0.7704024,0.2289078
-1.2969624,1.4707407,2.4890165
-1.0180016,1.6318547,2.6628933
-0.8879241,1.6584164,2.7198763
-0.9642838,1.6595668,2.7567341
-1.2299138,1.614897,2.7507296
-1.5024909,-0.8721107,0.27259496
-1.290259,-1.1970762,-0.08369068
-1.1720606,-1.18876,-0.114760734
-1.1393609,-1.1693143,-0.109672874
-1.1870203,-1.202807,-0.13594729
-1.5534158,-0.8566558,0.20746724
-1.0784322,1.9073839,2.9684787
-0.9036524,1.894526,3.0040793
-0.9597117,1.8857992,3.022967
-1.2063222,1.8760972,3.0065622
-1.5087631,1.9176761,3.0343719
-1.4121513,-1.3835006,-0.27504152
-1.395202,-1.3531035,-0.2528157
-1.433227,-1.3561133,-0.25400293
-1.4659593,-1.3568501,-0.25497234
-1.4624969,-1.3806881,-0.27908462
-1.4400426,-1.381196,-0.28514335
-1.4423281,-1.3360153,-0.2501158
-1.4389831,-1.306379,-0.22082455
-1.4392704,-1.2834793,-0.19941151
-1.43331,-1.2861491,-0.20112719
-1.4234964,-1.3192174,-0.23043385
-1.40067,-1.36198,-0.26832286
-1.3589892,-1.4068472,-0.31856403
-1.2395833,-1.0943666,-0.028423635
-1.1937158,-0.8910963,0.18792972
-1.0091333,-0.6900526,0.44477862
-0.80377185,-0.5797463,0.61272806
-0.54491717,-0.59884655,0.6628236
-0.25860703,-0.6436001,0.68321216
-0.03093242,-0.61476415,0.72122574
0.14366847,-0.5553831,0.77504593
0.21363981,-0.4927382,0.83742285
0.12852369,-0.4871461,0.8480478
-0.21755257,-0.49897802,0.81903356
-0.6062254,-0.54800415,0.75854343
-0.9279772,-0.6216989,0.620538
-1.1505381,-0.90725106,0.25224337
-1.2785194,-1.3918737,-0.263659
-1.2918236,-1.565232,-0.41609946
-1.1382732,-1.1092169,0.09575006
-0.80670995,-0.67306954,0.59392536
-0.46890298,-0.532478,0.78015137
-0.20546764,-0.5262757,0.8230619
0.027712576,-0.4646352,0.85883814
0.15883052,-0.4015435,0.8573192
0.11213315,-0.3941054,0.8596488
-0.11971624,-0.34906396,0.89787775
-0.45138052,-0.29116726,0.9157746
-0.6810428,-0.30860382,0.8952608
-0.8242434,-0.39582193,0.8418027
-0.95705205,-0.529032,0.7260053
-1.1815839,-0.40790907,0.8143346
-1.3509777,-0.4565576,0.76720196
-1.4764465,-0.55828583,0.6476681
-1.5157272,-0.72749346,0.45367283
-1.5166279,-0.17198992,0.9951075
-1.3696568,-1.0875318,0.10551893
-1.0134891,-1.4032598,-0.182915
-0.76006234,-1.5016041,-0.275057
-0.6051448,-1.5783204,-0.3373426
-0.49087015,-1.5921324,-0.36152384
-0.513637,-1.5316154,-0.3330451
-0.76144606,-1.4569381,-0.30441275
-1.0473523,-1.312725,-0.20071846
-1.3082621,-0.8002445,0.30156836
-1.3403504,0.32249135,1.4401746
-1.2117655,1.0486165,2.170095
-1.0865821,1.2883652,2.4258044
-1.0256752,1.3596926,2.5193033
-1.0915638,1.2948265,2.4901738
-1.3570555,0.21415076,1.4705464
-1.1827645,-1.0364159,0.22922735
-0.91025627,-1.2815813,-0.06934265
-0.71885765,-1.3318734,-0.2049257
-0.55771846,-1.3108833,-0.24634394
-0.4879553,-1.3102392,-0.2825673
-0.5792883,-1.2837938,-0.26316175
-0.97017425,-1.0152249,-0.050936207
-1.2423924,-0.5453844,0.42412174
-1.2816222,0.64054537,1.6216216
-1.0756625,1.2322454,2.2526116
-0.89427173,1.3685098,2.4387274
-0.8063145,1.4082246,2.5161815
-0.8815917,1.3436242,2.4633012
-0.93901426,1.3312106,2.4361618
-0.993846,1.3600808,2.44884
-1.1128616,1.389684,2.4868412
-1.3008331,1.5106171,2.643278
-1.4410361,2.683364,-2.459606
-1.2096058,-2.9178908,-1.7634943
-0.9809147,-2.9465592,-1.7720224
-0.88615763,-2.985191,-1.8001161
-0.9334574,-2.9314969,-1.7640438
-1.0988276,-2.6278605,-1.4838481
-1.293684,-1.5523831,-0.4193057
-1.0481594,-0.6979007,0.5133721
-0.9010071,-0.510793,0.7215
-0.80284536,-0.4463143,0.81766033
-0.78161156,-0.4368189,0.8457424
-0.98635066,-0.61520976,0.66006446
-1.2604532,-1.2423655,-0.008900589
-1.2487674,-2.2291172,-1.0591867
-1.1076107,-2.6059248,-1.4550478
-0.9961519,-2.8074312,-1.6384723
-1.0037906,-2.8500037,-1.655811
-1.0993887,-2.7583256,-1.5480238
-1.3080885,-1.809384,-0.53096616
-1.2459637,-1.0234343,0.30072308
-1.0720446,-0.6630089,0.6750991
-0.9961643,-0.51749575,0.8301534
-0.9850635,-0.42627987,0.90353125
-0.98380965,-0.4271822,0.9025756
-0.98705375,-0.4317313,0.89906317
-1.0000979,-0.45179632,0.878466
-1.0045489,-0.50561625,0.8214471
-1.0419912,-0.5147258,0.7973193
-1.059839,-0.55128247,0.756319
-1.0719897,-0.5808775,0.7048879
-1.1608392,-0.68001944,0.56199265
-1.2733821,-0.9405836,0.27607915
-1.317483,-1.2033654,-0.005170852
-1.458516,-1.0118216,0.13305773
-1.2684195,1.2751555,2.2965908
-1.0101571,1.4781737,2.4837112
-0.88772213,1.5611464,2.598753
-1.0637169,1.5152081,2.6231892
-1.4332665,1.233108,2.40147
-1.2314087,-1.4709965,-0.28716248
-0.89336544,-1.5021538,-0.3486931
-0.7410454,-1.4806858,-0.35890123
-0.79187024,-1.4817855,-0.3722128
-1.0656915,-1.4411176,-0.3505769
-1.4040256,-0.5352709,0.5386542
-1.1818702,0.8716901,1.9736717
-0.9045432,1.3239038,2.4228747
-0.86617446,1.3580046,2.5002923
-0.9925666,1.2512865,2.4179294
-1.2739427,0.60988134,1.8006494
-1.1906451,-0.7802185,0.46125463
-1.1097494,-0.9737149,0.2766039
-1.1813824,-0.663551,0.5859869
-1.2172928,-0.15282257,1.0957983
-1.1677011,0.3942157,1.6087431
-1.1023426,0.59246665,1.8280983
-1.0403144,0.5546843,1.8923465
-0.95707947,0.5670738,1.9304671
-0.8765832,0.50495154,1.9101709
-0.8610556,0.35681024,1.8292707
-0.8415612,0.32723832,1.8334365
-0.84242517,0.35943928,1.87998
-0.88391525,0.31402075,1.8946587
-0.90379304,0.21208827,1.8435913
-0.91871583,0.06975419,1.7478212
-0.905815,-0.09415754,1.6170359
-0.8536339,-0.2642257,1.4783391
-0.7481522,-0.55501974,1.2081398
-0.537314,-0.71315616,1.0206897
-0.3086806,-0.7374699,0.96503365
-0.19004564,-0.727848,0.93534976
-0.021964926,-0.676209,0.8985494
0.21312536,-0.64215374,0.7398306
0.24023946,-0.5850118,0.68343306
0.27495134,-0.5571201,0.6290009
0.17353824,-0.48969516,0.54705304
0.17995997,-0.4930666,0.5242424
0.21970092,-0.48556423,0.46912107
0.22799836,-0.4789737,0.45559576
0.28812715,-0.43969753,0.52664906
0.2767779,-0.4832217,0.5435707
0.25231418,-0.50528157,0.5618892
0.27496034,-0.44754517,0.5922172
0.27534032,-0.42809373,0.57036996
0.2780883,-0.44254053,0.56239027
0.2828855,-0.44657785,0.5553321
0.26244757,-0.46014574,0.5976895
0.23913527,-0.4718302,0.64348525
0.23534688,-0.47304344,0.65037876
0.23507524,-0.47282663,0.6503003
0.23494917,-0.47260803,0.6502132
0.2350222,-0.47237566,0.6501983
0.23491272,-0.47230485,0.6502721
0.23504792,-0.47231004,0.6501941
0.23498137,-0.47200695,0.6502721
0.23479438,-0.47191325,0.6502734
0.23481189,-0.47177494,0.6501475
0.23477629,-0.47171968,0.6501148
0.23489976,-0.4718892,0.6501368
0.23496139,-0.47206196,0.65016514
0.23485738,-0.4719754,0.65013224
0.23492356,-0.4719732,0.6501669
0.23507836,-0.47174466,0.65021884
0.23499094,-0.47163156,0.65005803
0.23504427,-0.47149366,0.6501253
0.23525967,-0.47153786,0.65023184
0.23519404,-0.47125813,0.65005374
0.23528004,-0.47121838,0.64979005
0.23534562,-0.4711218,0.649715
0.23527125,-0.4712453,0.64966494
0.23514353,-0.47101155,0.64942926
0.23528959,-0.470841,0.6492183
0.23527913,-0.47070426,0.649323
0.2354079,-0.47048613,0.6493695
0.23539972,-0.47029245,0.64930856
0.23555629,-0.4699198,0.64916676
0.23561971,-0.46993414,0.64914316
0.23557387,-0.46993333,0.6491725
0.23569518,-0.47008443,0.6491154
0.23556343,-0.47023526,0.64909595
0.23560964,-0.47003248,0.6489179
0.23556922,-0.46987855,0.6489033
0.2356564,-0.46982032,0.6490215
0.23561375,-0.46975458,0.64902407
0.2355391,-0.46964768,0.6488114
0.23538011,-0.46935546,0.648686
0.23542206,-0.4693365,0.64855915
0.23552515,-0.46900487,0.64869803
0.2354401,-0.46877342,0.6486469
0.23552433,-0.46851748,0.6486232
0.23553523,-0.4686666,0.6486502
0.23535122,-0.46827015,0.64869136
0.2355271,-0.46793255,0.64857495
0.23536702,-0.46777245,0.64840513
0.23513745,-0.46758416,0.6484507
0.23528385,-0.46756816,0.6482807
0.23545256,-0.46749225,0.6480685
0.23529473,-0.46747202,0.6479111
0.23522294,-0.46753222,0.64779675
0.23526582,-0.4673912,0.64776844
0.23544928,-0.46725026,0.6475725
0.23540352,-0.46710512,0.64741886
0.23522902,-0.4670154,0.6473866
0.23523854,-0.46684816,0.64726317
0.23536646,-0.46652427,0.64728796
0.23527955,-0.46659413,0.64735603
0.23503947,-0.4661327,0.6474207
0.23505868,-0.46579054,0.6472809
0.23508172,-0.46568435,0.6472886
0.23498142,-0.46519136,0.6472916
0.23501821,-0.4650493,0.64717937
0.23489048,-0.4648056,0.6472116
0.23480508,-0.4647566,0.6472061
0.23481835,-0.46464705,0.64709836
0.23473532,-0.46426803,0.64721006
0.2347697,-0.46400705,0.6468679
0.23489754,-0.46388003,0.6466825
0.23494211,-0.4636599,0.64664257
0.23501718,-0.46369213,0.6466582
0.23506913,-0.46358278,0.64666533
0.2349848,-0.463454,0.6466678
0.23499803,-0.4632688,0.6467206
0.23520185,-0.4631991,0.6467544
0.23522523,-0.4633233,0.6469522
0.23534408,-0.46344405,0.64696944
0.23513986,-0.4637194,0.6468449
0.23510766,-0.46366453,0.6469535
0.23518242,-0.46378207,0.646877
0.23524891,-0.46412,0.64708585
0.23528665,-0.4641573,0.6469161
0.23530026,-0.46414202,0.6465993
0.23525277,-0.46408108,0.6467464
0.2351998,-0.4640896,0.64686215
0.23541206,-0.4640373,0.6471109
0.2353416,-0.46398267,0.64708686
0.23529963,-0.46385697,0.6471022
0.23527147,-0.46380115,0.64695513
0.23513184,-0.46375915,0.64686733
0.23526438,-0.4638147,0.6467498
0.23533913,-0.46387112,0.6467017
0.23527808,-0.46406552,0.64658695
0.23511887,-0.4640664,0.6466024
0.23484711,-0.46405947,0.64655995
0.23496215,-0.46412787,0.64645857
0.2349849,-0.4641262,0.6465038
0.23489088,-0.46408993,0.6465344
0.23475654,-0.4640775,0.64644206
0.23451082,-0.46418142,0.646374
0.2344742,-0.46410277,0.64648414
0.23426847,-0.46409217,0.6464119
0.23415479,-0.46404195,0.646447
0.23409346,-0.46429753,0.6465021
0.23419173,-0.46426716,0.6463993
0.23397185,-0.46423805,0.64644665
0.23403162,-0.46454406,0.646465
0.23417924,-0.46464288,0.6465994
0.23405048,-0.4646838,0.6468421
0.23405409,-0.4648032,0.64707935
0.23395817,-0.46500683,0.64716244
0.23396148,-0.46496972,0.6471482
0.23387395,-0.4647182,0.6472567
0.23369864,-0.4646185,0.6471576
0.23368147,-0.4644622,0.6470798
0.23372906,-0.4644093,0.6470107
0.23359348,-0.4646166,0.6469499
0.23385407,-0.4648292,0.6468593
0.23389584,-0.4645973,0.6469991
0.23390171,-0.46461004,0.6470145
0.23385008,-0.46455547,0.64685905
0.23366258,-0.4644013,0.6465665
0.23352847,-0.46450683,0.64642507
0.23354027,-0.46459416,0.64635164
0.23356384,-0.4647546,0.64657795
0.23345585,-0.46495625,0.6465594
0.2333794,-0.46482378,0.6466242
0.23323154,-0.4650127,0.64670897
0.23331867,-0.4649526,0.64674145
0.23335782,-0.4649952,0.646753
0.23334488,-0.46499345,0.6466667
0.23315701,-0.46488672,0.64665645
0.23295717,-0.46477035,0.6464457
0.23299466,-0.46465966,0.6464454
0.2328975,-0.46461123,0.646397
0.23284043,-0.46444458,0.64638007
0.23266503,-0.46449614,0.6463233
0.2327427,-0.46441203,0.646305
0.23294942,-0.46444774,0.6463674
0.23302016,-0.46446836,0.6463915
0.23301682,-0.46440554,0.6464266
0.23314947,-0.46454188,0.6464578
0.2331291,-0.46465766,0.64650565
0.23287234,-0.46457335,0.64647424
0.23272857,-0.46442556,0.64647275
0.23276348,-0.4642622,0.6464572
0.23263903,-0.46440023,0.6465362
0.23258741,-0.46432355,0.6464301
0.23250501,-0.46425894,0.64647067
0.2323434,-0.46411535,0.6462868
0.23213921,-0.46426752,0.64614797
0.23220173,-0.4642369,0.6460829
0.23213099,-0.46416888,0.64600235
0.23218922,-0.46413767,0.6459741
0.23218602,-0.46418762,0.6457762
0.23228693,-0.46429935,0.6458086
0.23237953,-0.4642955,0.64588606
0.23239523,-0.46451038,0.6458182
0.2325579,-0.46459344,0.645766
0.23278667,-0.46484122,0.6457339
0.23279169,-0.46480983,0.645597
0.2327897,-0.46483132,0.6455163
0.23289202,-0.46499065,0.6455674
0.2328775,-0.4648109,0.6455475
0.23292074,-0.46453512,0.6454444
0.23290741,-0.4644764,0.6454434
0.23269628,-0.46443868,0.64545304
0.23261958,-0.4643785,0.6456447
0.23245087,-0.4643181,0.6456092
0.23254097,-0.464504,0.645509
0.23288657,-0.46461195,0.64560395
0.23302847,-0.46479085,0.6458061
0.23307437,-0.46469006,0.6457823
0.23305565,-0.46460232,0.64573544
0.23318686,-0.4649575,0.6457695
0.23305,-0.46512678,0.6459162
0.23321678,-0.46519518,0.6460393
0.23326036,-0.4653199,0.6458092
0.23307289,-0.4652182,0.6456078
0.23290025,-0.4649516,0.6456514
0.23306325,-0.46489432,0.6456559
0.23308602,-0.46487603,0.6456024
0.23318338,-0.46487865,0.6457991
0.23304705,-0.46465045,0.64574194
0.23290731,-0.4646846,0.6456325
0.23288904,-0.464512,0.64551604
0.23278736,-0.46439096,0.6455653
0.23295783,-0.46453017,0.6455523
0.23287764,-0.4645011,0.64539963
0.23288746,-0.46444386,0.64548445
0.23297997,-0.46436036,0.6454279
0.23316766,-0.4643966,0.64543796
